age,age_of_english_onset,audio_url,birth_place,english_learning_method,english_residence,has_ipa,language,length_english_residence_years,native_language,note,other_languages,page_url,sample_id,sex,speaker_num,tier
38.0,13.0,https://accent.gmu.edu/audio/dutch1.mp3,"nijmegen, netherlands",academic,uk,True,dutch,0.1,dutch,residence 0.1y,german,https://accent.gmu.edu/samples/dutch1/,dutch1,male,1,primary
41.0,14.0,https://accent.gmu.edu/audio/dutch2.mp3,"amsterdam, netherlands",academic,uk,True,dutch,0.1,dutch,residence 0.1y,french german,https://accent.gmu.edu/samples/dutch2/,dutch2,male,2,primary
19.0,6.0,https://accent.gmu.edu/audio/dutch3.mp3,"alkmaar, netherlands",academic,N/A,True,dutch,0.0,dutch,residence 0y,german esperanto,https://accent.gmu.edu/samples/dutch3/,dutch3,male,3,primary
18.0,10.0,https://accent.gmu.edu/audio/dutch4.mp3,"bilzen, flanders, belgium",academic,N/A,True,dutch,0.0,dutch,residence 0y,french,https://accent.gmu.edu/samples/dutch4/,dutch4,male,4,primary
54.0,13.0,https://accent.gmu.edu/audio/dutch5.mp3,"rotterdam, netherlands",academic,usa,True,dutch,11.0,dutch,residence 11y (over 5y threshold),french german spanish portuguese italian,https://accent.gmu.edu/samples/dutch5/,dutch5,female,5,relaxed_residence
46.0,10.0,https://accent.gmu.edu/audio/dutch6.mp3,"brussels, belgium",academic,usa,True,dutch,25.0,dutch,residence 25y (over 5y threshold),french german,https://accent.gmu.edu/samples/dutch6/,dutch6,female,6,relaxed_residence
68.0,10.0,https://accent.gmu.edu/audio/dutch7.mp3,"amsterdam, netherlands",academic,usa,True,dutch,4.0,dutch,residence 4y,german french,https://accent.gmu.edu/samples/dutch7/,dutch7,male,7,primary
35.0,12.0,https://accent.gmu.edu/audio/dutch8.mp3,"alphen aan de ryn, netherlands",academic,usa,True,dutch,0.1,dutch,residence 0.1y,spanish german french,https://accent.gmu.edu/samples/dutch8/,dutch8,female,8,primary
68.0,12.0,https://accent.gmu.edu/audio/dutch9.mp3,"almelo, netherlands",academic,usa,True,dutch,3.0,dutch,residence 3y,german french,https://accent.gmu.edu/samples/dutch9/,dutch9,female,9,primary
39.0,12.0,https://accent.gmu.edu/audio/dutch10.mp3,"essen, belgium",naturalistic,N/A,True,dutch,0.0,dutch,residence 0y,french german,https://accent.gmu.edu/samples/dutch10/,dutch10,male,10,primary
41.0,14.0,https://accent.gmu.edu/audio/dutch11.mp3,"brugge, belgium",academic,usa,True,dutch,5.0,dutch,residence 5y (over 5y threshold),french german italian czech,https://accent.gmu.edu/samples/dutch11/,dutch11,male,11,relaxed_residence
36.0,10.0,https://accent.gmu.edu/audio/dutch12.mp3,"oosterbeek, netherlands",academic,usa,True,dutch,0.5,dutch,residence 0.5y,german french,https://accent.gmu.edu/samples/dutch12/,dutch12,male,12,primary
33.0,10.0,https://accent.gmu.edu/audio/dutch13.mp3,"zwolle, netherlands",academic,usa,True,dutch,0.5,dutch,residence 0.5y,german spanish chinese,https://accent.gmu.edu/samples/dutch13/,dutch13,female,13,primary
35.0,12.0,https://accent.gmu.edu/audio/dutch14.mp3,"zwolle, netherlands",academic,N/A,True,dutch,0.0,dutch,residence 0y,german french italian,https://accent.gmu.edu/samples/dutch14/,dutch14,female,14,primary
23.0,10.0,https://accent.gmu.edu/audio/dutch15.mp3,"nunspeet, netherlands",naturalistic,south africa,True,dutch,9.0,dutch,residence 9y (over 5y threshold),afrikaans low saxon,https://accent.gmu.edu/samples/dutch15/,dutch15,male,15,relaxed_residence
23.0,12.0,https://accent.gmu.edu/audio/dutch16.mp3,"antwerp, belgium",academic,N/A,True,dutch,0.0,dutch,residence 0y,french german,https://accent.gmu.edu/samples/dutch16/,dutch16,female,16,primary
21.0,12.0,https://accent.gmu.edu/audio/dutch17.mp3,"wilrijk, belgium",academic,N/A,True,dutch,0.0,dutch,residence 0y,french spanish german,https://accent.gmu.edu/samples/dutch17/,dutch17,female,17,primary
23.0,14.0,https://accent.gmu.edu/audio/dutch18.mp3,"antwerp, belgium",academic,N/A,True,dutch,0.0,dutch,residence 0y,french,https://accent.gmu.edu/samples/dutch18/,dutch18,male,18,primary
22.0,11.0,https://accent.gmu.edu/audio/dutch19.mp3,"heist-op-den-berg, belgium",academic,N/A,True,dutch,0.0,dutch,residence 0y,french spanish,https://accent.gmu.edu/samples/dutch19/,dutch19,female,19,primary
21.0,13.0,https://accent.gmu.edu/audio/dutch20.mp3,"vlaams-brabant, belgium",academic,usa,True,dutch,0.75,dutch,residence 0.75y,french german,https://accent.gmu.edu/samples/dutch20/,dutch20,female,20,primary
21.0,13.0,https://accent.gmu.edu/audio/dutch21.mp3,"diest, belgium",academic,N/A,True,dutch,0.0,dutch,residence 0y,french,https://accent.gmu.edu/samples/dutch21/,dutch21,female,21,primary
23.0,13.0,https://accent.gmu.edu/audio/dutch22.mp3,"essen, belgium",academic,N/A,True,dutch,0.0,dutch,residence 0y,french german,https://accent.gmu.edu/samples/dutch22/,dutch22,female,22,primary
23.0,13.0,https://accent.gmu.edu/audio/dutch23.mp3,"antwerp, belgium",academic,N/A,True,dutch,0.0,dutch,residence 0y,french german,https://accent.gmu.edu/samples/dutch23/,dutch23,male,23,primary
23.0,14.0,https://accent.gmu.edu/audio/dutch24.mp3,"seoul, south korea",academic,N/A,True,dutch,0.0,dutch,residence 0y,none,https://accent.gmu.edu/samples/dutch24/,dutch24,female,24,primary
23.0,13.0,https://accent.gmu.edu/audio/dutch25.mp3,"wilrijk, belgium",academic,N/A,True,dutch,0.0,dutch,residence 0y,french german mandarin,https://accent.gmu.edu/samples/dutch25/,dutch25,female,25,primary
23.0,13.0,https://accent.gmu.edu/audio/dutch26.mp3,"turnhout, belgium",academic,N/A,True,dutch,0.0,dutch,residence 0y,french german italian,https://accent.gmu.edu/samples/dutch26/,dutch26,female,26,primary
21.0,13.0,https://accent.gmu.edu/audio/dutch27.mp3,"antwerp, belgium",academic,usa,True,dutch,1.0,dutch,residence 1y,french german,https://accent.gmu.edu/samples/dutch27/,dutch27,female,27,primary
22.0,8.0,https://accent.gmu.edu/audio/dutch28.mp3,"antwerp, belgium",naturalistic,N/A,True,dutch,0.0,dutch,residence 0y,french german,https://accent.gmu.edu/samples/dutch28/,dutch28,male,28,primary
29.0,7.0,https://accent.gmu.edu/audio/dutch29.mp3,"ede, netherlands",academic,N/A,True,dutch,0.0,dutch,residence 0y,german french,https://accent.gmu.edu/samples/dutch29/,dutch29,male,29,primary
21.0,14.0,https://accent.gmu.edu/audio/dutch30.mp3,"sint-niklaas, belgium",academic,N/A,True,dutch,0.0,dutch,residence 0y,french,https://accent.gmu.edu/samples/dutch30/,dutch30,female,30,primary
23.0,13.0,https://accent.gmu.edu/audio/dutch31.mp3,"antwerp, belgium",academic,N/A,True,dutch,0.0,dutch,residence 0y,french,https://accent.gmu.edu/samples/dutch31/,dutch31,female,31,primary
21.0,14.0,https://accent.gmu.edu/audio/dutch32.mp3,"brasschaat, belgium",academic,N/A,True,dutch,0.0,dutch,residence 0y,french german spanish,https://accent.gmu.edu/samples/dutch32/,dutch32,male,32,primary
22.0,9.0,https://accent.gmu.edu/audio/dutch33.mp3,"mechelen, belgium",naturalistic,N/A,True,dutch,0.0,dutch,residence 0y,french,https://accent.gmu.edu/samples/dutch33/,dutch33,female,33,primary
22.0,14.0,https://accent.gmu.edu/audio/dutch34.mp3,"bornem, belgium",academic,N/A,True,dutch,0.0,dutch,residence 0y,french,https://accent.gmu.edu/samples/dutch34/,dutch34,female,34,primary
21.0,13.0,https://accent.gmu.edu/audio/dutch35.mp3,"mortsel, belgium",academic,N/A,True,dutch,0.0,dutch,residence 0y,french,https://accent.gmu.edu/samples/dutch35/,dutch35,female,35,primary
21.0,12.0,https://accent.gmu.edu/audio/dutch36.mp3,"turnhout, belgium",academic,N/A,True,dutch,0.0,dutch,residence 0y,french german swedish,https://accent.gmu.edu/samples/dutch36/,dutch36,female,36,primary
21.0,11.0,https://accent.gmu.edu/audio/dutch37.mp3,"antwerp, belgium",academic,N/A,True,dutch,0.0,dutch,residence 0y,french german,https://accent.gmu.edu/samples/dutch37/,dutch37,female,37,primary
21.0,12.0,https://accent.gmu.edu/audio/dutch38.mp3,"beveren, belgium",academic,N/A,True,dutch,0.0,dutch,residence 0y,french german,https://accent.gmu.edu/samples/dutch38/,dutch38,female,38,primary
22.0,10.0,https://accent.gmu.edu/audio/dutch39.mp3,"hardinxveld-giessendam, netherlands",academic,N/A,True,dutch,0.0,dutch,residence 0y,german french,https://accent.gmu.edu/samples/dutch39/,dutch39,female,39,primary
25.0,9.0,https://accent.gmu.edu/audio/dutch40.mp3,"dordrecht, netherlands",academic,N/A,True,dutch,0.0,dutch,residence 0y,german french,https://accent.gmu.edu/samples/dutch40/,dutch40,male,40,primary
41.0,13.0,https://accent.gmu.edu/audio/dutch41.mp3,"deventer, netherlands",academic,usa,True,dutch,3.0,dutch,residence 3y,french german,https://accent.gmu.edu/samples/dutch41/,dutch41,male,41,primary
36.0,8.0,https://accent.gmu.edu/audio/dutch42.mp3,"schiedam, netherlands",academic,usa,True,dutch,13.5,dutch,residence 13.5y (over 5y threshold),french german,https://accent.gmu.edu/samples/dutch42/,dutch42,male,42,relaxed_residence
21.0,11.0,https://accent.gmu.edu/audio/dutch43.mp3,"rotterdam, netherlands",academic,usa,False,dutch,0.5,dutch,residence 0.5y,french german,https://accent.gmu.edu/samples/dutch43/,dutch43,male,43,primary
21.0,12.0,https://accent.gmu.edu/audio/dutch44.mp3,"antwerp, belgium",academic,N/A,False,dutch,0.0,dutch,residence 0y,german french spanish,https://accent.gmu.edu/samples/dutch44/,dutch44,female,44,primary
22.0,2.0,https://accent.gmu.edu/audio/dutch45.mp3,"sint niklaas, belgium",naturalistic,N/A,False,dutch,0.0,dutch,residence 0y,french latin german spanish hebrew,https://accent.gmu.edu/samples/dutch45/,dutch45,male,45,primary
22.0,12.0,https://accent.gmu.edu/audio/dutch46.mp3,"hulshout, belgium",academic,N/A,False,dutch,0.0,dutch,residence 0y,french german,https://accent.gmu.edu/samples/dutch46/,dutch46,female,46,primary
37.0,11.0,https://accent.gmu.edu/audio/dutch47.mp3,"gouda, netherlands",academic,"usa, uk, australia, south africa",False,dutch,2.5,dutch,residence 2.5y,german french italian spanish,https://accent.gmu.edu/samples/dutch47/,dutch47,female,47,primary
50.0,12.0,https://accent.gmu.edu/audio/dutch48.mp3,"zwolle, netherlands",academic,usa,False,dutch,6.0,dutch,residence 6y (over 5y threshold),german french,https://accent.gmu.edu/samples/dutch48/,dutch48,male,48,relaxed_residence
42.0,12.0,https://accent.gmu.edu/audio/dutch49.mp3,"velsen, netherlands",academic,usa,False,dutch,6.0,dutch,residence 6y (over 5y threshold),german french,https://accent.gmu.edu/samples/dutch49/,dutch49,female,49,relaxed_residence
35.0,9.5,https://accent.gmu.edu/audio/dutch50.mp3,"tilburg, netherlands",academic,N/A,False,dutch,0.0,dutch,residence 0y,frisian afrikaans german french esperanto,https://accent.gmu.edu/samples/dutch50/,dutch50,male,50,primary
49.0,13.0,https://accent.gmu.edu/audio/dutch51.mp3,"deventer, netherlands",academic,usa,False,dutch,10.0,dutch,residence 10y (over 5y threshold),german french,https://accent.gmu.edu/samples/dutch51/,dutch51,male,51,relaxed_residence
20.0,10.0,https://accent.gmu.edu/audio/dutch52.mp3,"amsterdam, netherlands",academic,usa,False,dutch,1.5,dutch,residence 1.5y,french german arabic,https://accent.gmu.edu/samples/dutch52/,dutch52,female,52,primary
58.0,10.0,https://accent.gmu.edu/audio/dutch53.mp3,"delft, netherlands",academic,usa,False,dutch,35.0,dutch,residence 35y (over 5y threshold),german french spanish,https://accent.gmu.edu/samples/dutch53/,dutch53,female,53,relaxed_residence
28.0,14.0,https://accent.gmu.edu/audio/dutch54.mp3,"ghent, belgium",academic,usa,False,dutch,0.2,dutch,residence 0.2y,none,https://accent.gmu.edu/samples/dutch54/,dutch54,female,54,primary
26.0,13.0,https://accent.gmu.edu/audio/mandarin1.mp3,"shanxi province, shanxi, china",academic,usa,True,mandarin,2.0,mandarin,residence 2y,none,https://accent.gmu.edu/samples/mandarin1/,mandarin1,female,1,primary
38.0,14.0,https://accent.gmu.edu/audio/mandarin2.mp3,"nanjing, china",academic,usa,True,mandarin,0.8,mandarin,residence 0.8y,japanese,https://accent.gmu.edu/samples/mandarin2/,mandarin2,female,2,primary
43.0,10.0,https://accent.gmu.edu/audio/mandarin3.mp3,"jilin city, jilin, china",academic,usa,True,mandarin,14.0,mandarin,residence 14y (over 5y threshold),italian german french,https://accent.gmu.edu/samples/mandarin3/,mandarin3,male,3,relaxed_residence
24.0,6.0,https://accent.gmu.edu/audio/mandarin4.mp3,"shanghai, china",academic,usa,True,mandarin,1.0,mandarin,residence 1y,japanese,https://accent.gmu.edu/samples/mandarin4/,mandarin4,female,4,primary
31.0,12.0,https://accent.gmu.edu/audio/mandarin5.mp3,"beijing, china",academic,usa,True,mandarin,2.0,mandarin,residence 2y,none,https://accent.gmu.edu/samples/mandarin5/,mandarin5,female,5,primary
28.0,12.0,https://accent.gmu.edu/audio/mandarin6.mp3,"le shan, sichuan, china",academic,usa,True,mandarin,5.0,mandarin,residence 5y (over 5y threshold),none,https://accent.gmu.edu/samples/mandarin6/,mandarin6,female,6,relaxed_residence
22.0,5.0,https://accent.gmu.edu/audio/mandarin7.mp3,"berkeley, california, usa",naturalistic,usa,True,mandarin,22.0,mandarin,residence 22y (over 5y threshold),mandarin,https://accent.gmu.edu/samples/mandarin7/,mandarin7,male,7,relaxed_residence
29.0,12.0,https://accent.gmu.edu/audio/mandarin8.mp3,"jingmen, hubei, china",academic,usa,True,mandarin,5.0,mandarin,residence 5y (over 5y threshold),none,https://accent.gmu.edu/samples/mandarin8/,mandarin8,male,8,relaxed_residence
38.0,12.0,https://accent.gmu.edu/audio/mandarin9.mp3,"shanghai, china",academic,usa,True,mandarin,2.0,mandarin,residence 2y,none,https://accent.gmu.edu/samples/mandarin9/,mandarin9,male,9,primary
19.0,3.0,https://accent.gmu.edu/audio/mandarin10.mp3,"beijing, china",academic,south africa,True,mandarin,3.75,mandarin,residence 3.75y,none,https://accent.gmu.edu/samples/mandarin10/,mandarin10,male,10,primary
53.0,13.0,https://accent.gmu.edu/audio/mandarin11.mp3,"kao-hsiung, taiwan",academic,usa,True,mandarin,33.0,mandarin,residence 33y (over 5y threshold),cantonese,https://accent.gmu.edu/samples/mandarin11/,mandarin11,female,11,relaxed_residence
23.0,1.0,https://accent.gmu.edu/audio/mandarin12.mp3,"singapore, singapore",naturalistic,"singapore, uk",True,mandarin,23.0,mandarin,residence 23y (over 5y threshold),cantonese spanish french,https://accent.gmu.edu/samples/mandarin12/,mandarin12,male,12,relaxed_residence
29.0,13.0,https://accent.gmu.edu/audio/mandarin13.mp3,"nantou, taiwan",academic,N/A,True,mandarin,0.0,mandarin,residence 0y,taiwanese,https://accent.gmu.edu/samples/mandarin13/,mandarin13,male,13,primary
49.0,20.0,https://accent.gmu.edu/audio/mandarin14.mp3,"dalian, liaoning, china",academic,usa,True,mandarin,21.0,mandarin,residence 21y (over 5y threshold),none,https://accent.gmu.edu/samples/mandarin14/,mandarin14,male,14,relaxed_residence
28.0,11.0,https://accent.gmu.edu/audio/mandarin15.mp3,"tainan, taiwan",academic,"new zealand, usa, uk",True,mandarin,4.0,mandarin,residence 4y,french swedish japanese,https://accent.gmu.edu/samples/mandarin15/,mandarin15,female,15,primary
32.0,10.0,https://accent.gmu.edu/audio/mandarin16.mp3,"taipei, taiwan",academic,usa,True,mandarin,1.35,mandarin,residence 1.35y,taiwanese japanese,https://accent.gmu.edu/samples/mandarin16/,mandarin16,male,16,primary
26.0,13.0,https://accent.gmu.edu/audio/mandarin17.mp3,"wuhan, hubei, china",academic,canada,True,mandarin,2.0,mandarin,residence 2y,none,https://accent.gmu.edu/samples/mandarin17/,mandarin17,male,17,primary
29.0,13.0,https://accent.gmu.edu/audio/mandarin18.mp3,"taoyuan, taiwan",academic,N/A,True,mandarin,0.0,mandarin,residence 0y,hakka,https://accent.gmu.edu/samples/mandarin18/,mandarin18,female,18,primary
27.0,13.0,https://accent.gmu.edu/audio/mandarin19.mp3,"qinzhou, guangxi, china",academic,australia,True,mandarin,0.33,mandarin,residence 0.33y,none,https://accent.gmu.edu/samples/mandarin19/,mandarin19,male,19,primary
40.0,12.0,https://accent.gmu.edu/audio/mandarin20.mp3,"ping tong, taiwan",academic,usa,True,mandarin,5.0,mandarin,residence 5y (over 5y threshold),russian,https://accent.gmu.edu/samples/mandarin20/,mandarin20,female,20,relaxed_residence
38.0,9.0,https://accent.gmu.edu/audio/mandarin21.mp3,"chengdu, sichuan, china",academic,usa,True,mandarin,13.0,mandarin,residence 13y (over 5y threshold),none,https://accent.gmu.edu/samples/mandarin21/,mandarin21,female,21,relaxed_residence
39.0,11.0,https://accent.gmu.edu/audio/mandarin22.mp3,"haikou, hainan, china",academic,usa,True,mandarin,3.0,mandarin,residence 3y,cantonese taiwanese,https://accent.gmu.edu/samples/mandarin22/,mandarin22,female,22,primary
46.0,13.0,https://accent.gmu.edu/audio/mandarin23.mp3,"kao-hsiung, taiwan",academic,usa,True,mandarin,22.0,mandarin,residence 22y (over 5y threshold),cantonese taiwanese,https://accent.gmu.edu/samples/mandarin23/,mandarin23,female,23,relaxed_residence
21.0,10.0,https://accent.gmu.edu/audio/mandarin24.mp3,"shanghai, china",academic,N/A,True,mandarin,0.0,mandarin,residence 0y,none,https://accent.gmu.edu/samples/mandarin24/,mandarin24,female,24,primary
28.0,13.0,https://accent.gmu.edu/audio/mandarin25.mp3,"wuxi, jiangsu, china",academic,usa,True,mandarin,0.8,mandarin,residence 0.8y,german,https://accent.gmu.edu/samples/mandarin25/,mandarin25,female,25,primary
31.0,12.0,https://accent.gmu.edu/audio/mandarin26.mp3,"emei, sichuan, china",academic,usa,True,mandarin,3.0,mandarin,residence 3y,none,https://accent.gmu.edu/samples/mandarin26/,mandarin26,female,26,primary
18.0,15.0,https://accent.gmu.edu/audio/mandarin27.mp3,"chengdu, sichuan, china",academic,usa,True,mandarin,3.0,mandarin,residence 3y,none,https://accent.gmu.edu/samples/mandarin27/,mandarin27,male,27,primary
45.0,15.0,https://accent.gmu.edu/audio/mandarin28.mp3,"shanghai, china",academic,usa,True,mandarin,20.0,mandarin,residence 20y (over 5y threshold),none,https://accent.gmu.edu/samples/mandarin28/,mandarin28,male,28,relaxed_residence
24.0,4.0,https://accent.gmu.edu/audio/mandarin29.mp3,"lanzhou, gansu, china",academic,N/A,False,mandarin,0.0,mandarin,residence 0y,none,https://accent.gmu.edu/samples/mandarin29/,mandarin29,male,29,primary
27.0,13.0,https://accent.gmu.edu/audio/mandarin30.mp3,"taipei, taiwan",academic,usa,False,mandarin,1.0,mandarin,residence 1y,none,https://accent.gmu.edu/samples/mandarin30/,mandarin30,male,30,primary
26.0,13.0,https://accent.gmu.edu/audio/mandarin31.mp3,"wenzhou, zhejiang, china",academic,usa,False,mandarin,2.5,mandarin,residence 2.5y,none,https://accent.gmu.edu/samples/mandarin31/,mandarin31,female,31,primary
23.0,12.0,https://accent.gmu.edu/audio/mandarin32.mp3,"taipei, taiwan",academic,usa,False,mandarin,2.0,mandarin,residence 2y,japanese,https://accent.gmu.edu/samples/mandarin32/,mandarin32,female,32,primary
25.0,6.0,https://accent.gmu.edu/audio/mandarin33.mp3,"beijing, china",naturalistic,"thailand, australia, usa",False,mandarin,20.0,mandarin,residence 20y (over 5y threshold),french,https://accent.gmu.edu/samples/mandarin33/,mandarin33,male,33,relaxed_residence
31.0,13.0,https://accent.gmu.edu/audio/mandarin34.mp3,"shi jia zhuang, hebei, china",academic,N/A,False,mandarin,0.0,mandarin,residence 0y,japanese,https://accent.gmu.edu/samples/mandarin34/,mandarin34,female,34,primary
27.0,12.0,https://accent.gmu.edu/audio/mandarin35.mp3,"yantai, shandong, china",academic,N/A,False,mandarin,0.0,mandarin,residence 0y,japanese,https://accent.gmu.edu/samples/mandarin35/,mandarin35,female,35,primary
32.0,10.0,https://accent.gmu.edu/audio/mandarin36.mp3,"beijing, china",academic,N/A,False,mandarin,0.0,mandarin,residence 0y,none,https://accent.gmu.edu/samples/mandarin36/,mandarin36,female,36,primary
32.0,12.0,https://accent.gmu.edu/audio/mandarin37.mp3,"huhot, nei meng gu, china",academic,N/A,False,mandarin,0.0,mandarin,residence 0y,none,https://accent.gmu.edu/samples/mandarin37/,mandarin37,female,37,primary
33.0,12.0,https://accent.gmu.edu/audio/mandarin38.mp3,"changsha, hunan, china",academic,"australia, usa",False,mandarin,0.1,mandarin,residence 0.1y,none,https://accent.gmu.edu/samples/mandarin38/,mandarin38,female,38,primary
24.0,12.0,https://accent.gmu.edu/audio/mandarin39.mp3,"tie ling, liaoning, china",academic,N/A,False,mandarin,0.0,mandarin,residence 0y,russian,https://accent.gmu.edu/samples/mandarin39/,mandarin39,female,39,primary
28.0,12.0,https://accent.gmu.edu/audio/mandarin40.mp3,"chengdu, sichuan, china",academic,"singapore, usa",False,mandarin,9.0,mandarin,residence 9y (over 5y threshold),japanese thai,https://accent.gmu.edu/samples/mandarin40/,mandarin40,male,40,relaxed_residence
34.0,13.0,https://accent.gmu.edu/audio/mandarin41.mp3,"songyuan, jilin, china",academic,N/A,False,mandarin,0.0,mandarin,residence 0y,none,https://accent.gmu.edu/samples/mandarin41/,mandarin41,female,41,primary
47.0,16.0,https://accent.gmu.edu/audio/mandarin42.mp3,"yanbian, jilin, china",academic,N/A,True,mandarin,0.0,mandarin,residence 0y,none,https://accent.gmu.edu/samples/mandarin42/,mandarin42,female,42,primary
24.0,15.0,https://accent.gmu.edu/audio/mandarin43.mp3,"datong, shanxi, china",academic,N/A,False,mandarin,0.0,mandarin,residence 0y,none,https://accent.gmu.edu/samples/mandarin43/,mandarin43,female,43,primary
21.0,16.0,https://accent.gmu.edu/audio/mandarin44.mp3,"hangzhou, zhejiang, china",academic,usa,False,mandarin,1.5,mandarin,residence 1.5y,none,https://accent.gmu.edu/samples/mandarin44/,mandarin44,male,44,primary
42.0,12.0,https://accent.gmu.edu/audio/mandarin45.mp3,"beijing, china",academic,"usa, australia",False,mandarin,0.1,mandarin,residence 0.1y,none,https://accent.gmu.edu/samples/mandarin45/,mandarin45,female,45,primary
43.0,9.0,https://accent.gmu.edu/audio/mandarin46.mp3,"jilin city, jilin, china",academic,N/A,False,mandarin,0.0,mandarin,residence 0y,arabic,https://accent.gmu.edu/samples/mandarin46/,mandarin46,female,46,primary
28.0,8.0,https://accent.gmu.edu/audio/mandarin47.mp3,"beijing, china",academic,N/A,False,mandarin,0.0,mandarin,residence 0y,japanese french,https://accent.gmu.edu/samples/mandarin47/,mandarin47,female,47,primary
37.0,12.0,https://accent.gmu.edu/audio/mandarin48.mp3,"pingdingshan, henan, china",academic,N/A,False,mandarin,0.0,mandarin,residence 0y,none,https://accent.gmu.edu/samples/mandarin48/,mandarin48,male,48,primary
21.0,10.0,https://accent.gmu.edu/audio/mandarin49.mp3,"shanghai, china",academic,australia,False,mandarin,2.5,mandarin,residence 2.5y,french,https://accent.gmu.edu/samples/mandarin49/,mandarin49,male,49,primary
25.0,9.0,https://accent.gmu.edu/audio/mandarin50.mp3,"hsinchu, taiwan",academic,usa,False,mandarin,0.2,mandarin,residence 0.2y,taiwanese,https://accent.gmu.edu/samples/mandarin50/,mandarin50,male,50,primary
25.0,10.0,https://accent.gmu.edu/audio/mandarin51.mp3,"tianjin, hebei, china",academic,usa,True,mandarin,2.0,mandarin,residence 2y,none,https://accent.gmu.edu/samples/mandarin51/,mandarin51,male,51,primary
26.0,6.0,https://accent.gmu.edu/audio/mandarin52.mp3,"shaoxing, zhejiang, china",academic,usa,True,mandarin,1.0,mandarin,residence 1y,japanese,https://accent.gmu.edu/samples/mandarin52/,mandarin52,female,52,primary
38.0,13.0,https://accent.gmu.edu/audio/mandarin53.mp3,"ningbo, zhejiang, china",academic,usa,False,mandarin,15.0,mandarin,residence 15y (over 5y threshold),none,https://accent.gmu.edu/samples/mandarin53/,mandarin53,female,53,relaxed_residence
25.0,10.0,https://accent.gmu.edu/audio/mandarin54.mp3,"chengdu, sichuan, china",academic,usa,False,mandarin,5.0,mandarin,residence 5y (over 5y threshold),japanese,https://accent.gmu.edu/samples/mandarin54/,mandarin54,female,54,relaxed_residence
25.0,13.0,https://accent.gmu.edu/audio/mandarin55.mp3,"loudi, hunan, china",academic,usa,False,mandarin,1.5,mandarin,residence 1.5y,japanese spanish,https://accent.gmu.edu/samples/mandarin55/,mandarin55,female,55,primary
26.0,11.0,https://accent.gmu.edu/audio/mandarin56.mp3,"baoding, hebei, china",academic,usa,False,mandarin,0.7,mandarin,residence 0.7y,korean thai,https://accent.gmu.edu/samples/mandarin56/,mandarin56,female,56,primary
20.0,12.0,https://accent.gmu.edu/audio/mandarin57.mp3,"shanghai, china",academic,uk,False,mandarin,0.2,mandarin,residence 0.2y,cantonese,https://accent.gmu.edu/samples/mandarin57/,mandarin57,male,57,primary
23.0,7.0,https://accent.gmu.edu/audio/mandarin58.mp3,"superior, colorado, usa",naturalistic,usa,False,mandarin,16.0,mandarin,residence 16y (over 5y threshold),french,https://accent.gmu.edu/samples/mandarin58/,mandarin58,male,58,relaxed_residence
20.0,6.0,https://accent.gmu.edu/audio/mandarin59.mp3,"kunming, yunnan, china",academic,usa,False,mandarin,0.4,mandarin,residence 0.4y,none,https://accent.gmu.edu/samples/mandarin59/,mandarin59,female,59,primary
41.0,13.0,https://accent.gmu.edu/audio/mandarin60.mp3,"guiyang, guizhou, china",academic,usa,False,mandarin,15.0,mandarin,residence 15y (over 5y threshold),cantonese,https://accent.gmu.edu/samples/mandarin60/,mandarin60,female,60,relaxed_residence
33.0,16.0,https://accent.gmu.edu/audio/mandarin61.mp3,"shangrao, jiangxi, china",academic,northern mariana islands,False,mandarin,17.0,mandarin,residence 17y (over 5y threshold),cantonese,https://accent.gmu.edu/samples/mandarin61/,mandarin61,female,61,relaxed_residence
24.0,7.0,https://accent.gmu.edu/audio/mandarin62.mp3,"shanghai, china",academic,usa,False,mandarin,5.5,mandarin,residence 5.5y (over 5y threshold),spanish,https://accent.gmu.edu/samples/mandarin62/,mandarin62,male,62,relaxed_residence
27.0,12.0,https://accent.gmu.edu/audio/mandarin63.mp3,"jiaozuo, henan, china",academic,usa,False,mandarin,4.3,mandarin,residence 4.3y,french,https://accent.gmu.edu/samples/mandarin63/,mandarin63,male,63,primary
24.0,10.0,https://accent.gmu.edu/audio/mandarin64.mp3,"fuzhou, fujian, china",academic,usa,False,mandarin,5.0,mandarin,residence 5y (over 5y threshold),min dong,https://accent.gmu.edu/samples/mandarin64/,mandarin64,female,64,relaxed_residence
20.0,5.0,https://accent.gmu.edu/audio/mandarin65.mp3,"tianjin, hebei, china",academic,usa,False,mandarin,1.7,mandarin,residence 1.7y,french,https://accent.gmu.edu/samples/mandarin65/,mandarin65,female,65,primary
22.0,19.0,https://accent.gmu.edu/audio/mandarin66.mp3,"shanghai, china",academic,usa,False,mandarin,3.0,mandarin,residence 3y,spanish,https://accent.gmu.edu/samples/mandarin66/,mandarin66,female,66,primary
23.0,13.0,https://accent.gmu.edu/audio/mandarin67.mp3,"nanjing, china",academic,N/A,False,mandarin,0.0,mandarin,residence 0y,none,https://accent.gmu.edu/samples/mandarin67/,mandarin67,male,67,primary
23.0,10.0,https://accent.gmu.edu/audio/mandarin68.mp3,"dongyang, zhejiang, china",academic,N/A,False,mandarin,0.0,mandarin,residence 0y,none,https://accent.gmu.edu/samples/mandarin68/,mandarin68,male,68,primary
22.0,12.0,https://accent.gmu.edu/audio/mandarin69.mp3,"taizhou, jiangsu, china",academic,N/A,False,mandarin,0.0,mandarin,residence 0y,german,https://accent.gmu.edu/samples/mandarin69/,mandarin69,male,69,primary
21.0,8.0,https://accent.gmu.edu/audio/mandarin70.mp3,"shanghai, china",academic,usa,False,mandarin,2.0,mandarin,residence 2y,japanese,https://accent.gmu.edu/samples/mandarin70/,mandarin70,female,70,primary
20.0,6.0,https://accent.gmu.edu/audio/mandarin71.mp3,"chengdu, sichuan, china",academic,usa,False,mandarin,0.2,mandarin,residence 0.2y,french,https://accent.gmu.edu/samples/mandarin71/,mandarin71,female,71,primary
22.0,10.0,https://accent.gmu.edu/audio/mandarin72.mp3,"taichung, taiwan",academic,usa,False,mandarin,10.0,mandarin,residence 10y (over 5y threshold),taiwanese,https://accent.gmu.edu/samples/mandarin72/,mandarin72,female,72,relaxed_residence
27.0,10.0,https://accent.gmu.edu/audio/mandarin73.mp3,"chengdu, sichuan, china",academic,usa,False,mandarin,10.0,mandarin,residence 10y (over 5y threshold),none,https://accent.gmu.edu/samples/mandarin73/,mandarin73,female,73,relaxed_residence
19.0,13.0,https://accent.gmu.edu/audio/mandarin74.mp3,"shenzhen, china",naturalistic,usa,False,mandarin,4.0,mandarin,residence 4y,none,https://accent.gmu.edu/samples/mandarin74/,mandarin74,male,74,primary
20.0,13.0,https://accent.gmu.edu/audio/mandarin75.mp3,"taipei, taiwan",naturalistic,usa,False,mandarin,6.5,mandarin,residence 6.5y (over 5y threshold),taiwanese,https://accent.gmu.edu/samples/mandarin75/,mandarin75,male,75,relaxed_residence
29.0,12.0,https://accent.gmu.edu/audio/mandarin76.mp3,"zhengzhou, henan, china",academic,usa,False,mandarin,5.0,mandarin,residence 5y (over 5y threshold),none,https://accent.gmu.edu/samples/mandarin76/,mandarin76,male,76,relaxed_residence
20.0,8.0,https://accent.gmu.edu/audio/mandarin77.mp3,"jingjiang, jiangsu, china",academic,N/A,False,mandarin,0.0,mandarin,residence 0y,german,https://accent.gmu.edu/samples/mandarin77/,mandarin77,female,77,primary
20.0,6.0,https://accent.gmu.edu/audio/mandarin78.mp3,"ganzhou, jiangxi, china",academic,N/A,False,mandarin,0.0,mandarin,residence 0y,japanese korean,https://accent.gmu.edu/samples/mandarin78/,mandarin78,female,78,primary
19.0,2.0,https://accent.gmu.edu/audio/mandarin79.mp3,"johor bahru, malaysia",academic,australia,False,mandarin,0.1,mandarin,residence 0.1y,malay hokkien cantonese korean japanese,https://accent.gmu.edu/samples/mandarin79/,mandarin79,female,79,primary
21.0,10.0,https://accent.gmu.edu/audio/mandarin80.mp3,"xi’an, shanxi, china",academic,usa,False,mandarin,1.0,mandarin,residence 1y,none,https://accent.gmu.edu/samples/mandarin80/,mandarin80,male,80,primary
22.0,10.0,https://accent.gmu.edu/audio/mandarin81.mp3,"suzhou, jiangsu, china",academic,usa,False,mandarin,0.1,mandarin,residence 0.1y,none,https://accent.gmu.edu/samples/mandarin81/,mandarin81,female,81,primary
23.0,13.0,https://accent.gmu.edu/audio/mandarin82.mp3,"wuhai, china",academic,usa,False,mandarin,0.1,mandarin,residence 0.1y,none,https://accent.gmu.edu/samples/mandarin82/,mandarin82,female,82,primary
26.0,12.0,https://accent.gmu.edu/audio/mandarin83.mp3,"zhengzhou, henan, china",academic,usa,False,mandarin,1.0,mandarin,residence 1y,none,https://accent.gmu.edu/samples/mandarin83/,mandarin83,female,83,primary
24.0,10.0,https://accent.gmu.edu/audio/mandarin84.mp3,"zhengzhou, henan, china",academic,usa,False,mandarin,1.0,mandarin,residence 1y,none,https://accent.gmu.edu/samples/mandarin84/,mandarin84,female,84,primary
23.0,10.0,https://accent.gmu.edu/audio/mandarin85.mp3,"changsha, hunan, china",academic,usa,False,mandarin,1.0,mandarin,residence 1y,none,https://accent.gmu.edu/samples/mandarin85/,mandarin85,female,85,primary
22.0,7.0,https://accent.gmu.edu/audio/mandarin86.mp3,"shenyang, liaoning, china",academic,usa,False,mandarin,0.1,mandarin,residence 0.1y,none,https://accent.gmu.edu/samples/mandarin86/,mandarin86,female,86,primary
22.0,7.0,https://accent.gmu.edu/audio/mandarin87.mp3,"lanzhou, gansu, china",academic,usa,False,mandarin,1.0,mandarin,residence 1y,none,https://accent.gmu.edu/samples/mandarin87/,mandarin87,female,87,primary
23.0,8.0,https://accent.gmu.edu/audio/mandarin88.mp3,"anqing, anhui, china",academic,N/A,False,mandarin,0.0,mandarin,residence 0y,japanese,https://accent.gmu.edu/samples/mandarin88/,mandarin88,male,88,primary
19.0,12.0,https://accent.gmu.edu/audio/mandarin89.mp3,"taiyuan, shanxi, china",academic,usa,False,mandarin,1.0,mandarin,residence 1y,none,https://accent.gmu.edu/samples/mandarin89/,mandarin89,male,89,primary
27.0,8.0,https://accent.gmu.edu/audio/mandarin90.mp3,"chengdu, sichuan, china",academic,usa,False,mandarin,0.8,mandarin,residence 0.8y,none,https://accent.gmu.edu/samples/mandarin90/,mandarin90,male,90,primary
22.0,13.0,https://accent.gmu.edu/audio/mandarin91.mp3,"tongcheng, anhui, china",academic,N/A,False,mandarin,0.0,mandarin,residence 0y,none,https://accent.gmu.edu/samples/mandarin91/,mandarin91,male,91,primary
23.0,10.0,https://accent.gmu.edu/audio/mandarin92.mp3,"huai’an, jiangsu, china",academic,N/A,False,mandarin,0.0,mandarin,residence 0y,none,https://accent.gmu.edu/samples/mandarin92/,mandarin92,female,92,primary
22.0,6.0,https://accent.gmu.edu/audio/mandarin93.mp3,"xi’an, shanxi, china",academic,usa,False,mandarin,0.3,mandarin,residence 0.3y,french,https://accent.gmu.edu/samples/mandarin93/,mandarin93,female,93,primary
23.0,8.0,https://accent.gmu.edu/audio/mandarin94.mp3,"baotou, inner mongolia, china",academic,usa,False,mandarin,0.3,mandarin,residence 0.3y,none,https://accent.gmu.edu/samples/mandarin94/,mandarin94,male,94,primary
29.0,11.0,https://accent.gmu.edu/audio/mandarin95.mp3,"yangxin, hubei, china",academic,usa,False,mandarin,2.0,mandarin,residence 2y,arabic,https://accent.gmu.edu/samples/mandarin95/,mandarin95,female,95,primary
27.0,9.0,https://accent.gmu.edu/audio/mandarin96.mp3,"qingdao, shandong, china",academic,usa,False,mandarin,5.4,mandarin,residence 5.4y (over 5y threshold),none,https://accent.gmu.edu/samples/mandarin96/,mandarin96,female,96,relaxed_residence
28.0,11.0,https://accent.gmu.edu/audio/mandarin97.mp3,"jiujiang, jiangxi, china",academic,hong kong,False,mandarin,1.5,mandarin,residence 1.5y,none,https://accent.gmu.edu/samples/mandarin97/,mandarin97,female,97,primary
25.0,11.0,https://accent.gmu.edu/audio/mandarin98.mp3,"nanchang, jiangxi, china",academic,australia,False,mandarin,1.5,mandarin,residence 1.5y,none,https://accent.gmu.edu/samples/mandarin98/,mandarin98,female,98,primary
26.0,9.0,https://accent.gmu.edu/audio/mandarin99.mp3,"nanchang, jiangxi, china",academic,uk,False,mandarin,1.0,mandarin,residence 1y,none,https://accent.gmu.edu/samples/mandarin99/,mandarin99,female,99,primary
25.0,13.0,https://accent.gmu.edu/audio/mandarin100.mp3,"wuhan, hubei, china",academic,N/A,False,mandarin,0.0,mandarin,residence 0y,none,https://accent.gmu.edu/samples/mandarin100/,mandarin100,female,100,primary
23.0,10.0,https://accent.gmu.edu/audio/mandarin101.mp3,"jiujiang, jiangxi, china",academic,N/A,False,mandarin,0.0,mandarin,residence 0y,japanese,https://accent.gmu.edu/samples/mandarin101/,mandarin101,female,101,primary
27.0,10.0,https://accent.gmu.edu/audio/mandarin102.mp3,"huanggang, hubei, china",academic,N/A,False,mandarin,0.0,mandarin,residence 0y,japanese,https://accent.gmu.edu/samples/mandarin102/,mandarin102,female,102,primary
27.0,12.0,https://accent.gmu.edu/audio/mandarin103.mp3,"le shan, sichuan, china",academic,usa,False,mandarin,1.0,mandarin,residence 1y,french,https://accent.gmu.edu/samples/mandarin103/,mandarin103,female,103,primary
29.0,7.0,https://accent.gmu.edu/audio/mandarin104.mp3,"beijing, china",academic,usa,False,mandarin,2.0,mandarin,residence 2y,none,https://accent.gmu.edu/samples/mandarin104/,mandarin104,female,104,primary
26.0,12.0,https://accent.gmu.edu/audio/mandarin105.mp3,"tongliao, inner mongolia, china",academic,usa,False,mandarin,2.0,mandarin,residence 2y,cantonese korean,https://accent.gmu.edu/samples/mandarin105/,mandarin105,female,105,primary
25.0,2.0,https://accent.gmu.edu/audio/mandarin106.mp3,"xi’an, shanxi, china",academic,usa,False,mandarin,5.0,mandarin,residence 5y (over 5y threshold),none,https://accent.gmu.edu/samples/mandarin106/,mandarin106,female,106,relaxed_residence
26.0,8.0,https://accent.gmu.edu/audio/mandarin107.mp3,"taiyuan, shanxi, china",academic,australia,False,mandarin,1.0,mandarin,residence 1y,cantonese korean japanese,https://accent.gmu.edu/samples/mandarin107/,mandarin107,female,107,primary
26.0,14.0,https://accent.gmu.edu/audio/mandarin108.mp3,"nanning, guangxi, china",academic,australia,False,mandarin,5.0,mandarin,residence 5y (over 5y threshold),cantonese,https://accent.gmu.edu/samples/mandarin108/,mandarin108,female,108,relaxed_residence
23.0,4.0,https://accent.gmu.edu/audio/mandarin109.mp3,"xi’an, shanxi, china",academic,australia,False,mandarin,0.5,mandarin,residence 0.5y,french,https://accent.gmu.edu/samples/mandarin109/,mandarin109,female,109,primary
24.0,7.0,https://accent.gmu.edu/audio/mandarin110.mp3,"panjin, liaoning, china",academic,australia,False,mandarin,2.0,mandarin,residence 2y,french german ancient greek latin,https://accent.gmu.edu/samples/mandarin110/,mandarin110,female,110,primary
23.0,6.0,https://accent.gmu.edu/audio/mandarin111.mp3,"beijing, china",academic,australia,False,mandarin,0.2,mandarin,residence 0.2y,none,https://accent.gmu.edu/samples/mandarin111/,mandarin111,female,111,primary
26.0,6.0,https://accent.gmu.edu/audio/mandarin112.mp3,"tianjin, china",academic,usa,False,mandarin,0.8,mandarin,residence 0.8y,none,https://accent.gmu.edu/samples/mandarin112/,mandarin112,male,112,primary
29.0,10.0,https://accent.gmu.edu/audio/mandarin113.mp3,"hohhot, inner mongolia, china",academic,usa,False,mandarin,0.8,mandarin,residence 0.8y,none,https://accent.gmu.edu/samples/mandarin113/,mandarin113,male,113,primary
19.0,13.0,https://accent.gmu.edu/audio/mandarin114.mp3,"beijing, china",academic,usa,False,mandarin,6.0,mandarin,residence 6y (over 5y threshold),none,https://accent.gmu.edu/samples/mandarin114/,mandarin114,female,114,relaxed_residence
19.0,5.0,https://accent.gmu.edu/audio/mandarin115.mp3,"urumqi, xinjiang, china",academic,N/A,False,mandarin,0.0,mandarin,residence 0y,latin,https://accent.gmu.edu/samples/mandarin115/,mandarin115,male,115,primary
24.0,9.0,https://accent.gmu.edu/audio/mandarin116.mp3,"baotou, inner mongolia, china",academic,usa,False,mandarin,1.0,mandarin,residence 1y,mongolian french,https://accent.gmu.edu/samples/mandarin116/,mandarin116,male,116,primary
25.0,9.0,https://accent.gmu.edu/audio/mandarin117.mp3,"changchun, jilin, china",academic,usa,False,mandarin,6.0,mandarin,residence 6y (over 5y threshold),none,https://accent.gmu.edu/samples/mandarin117/,mandarin117,male,117,relaxed_residence
24.0,9.0,https://accent.gmu.edu/audio/mandarin118.mp3,"xi’an, shanxi, china",academic,usa,False,mandarin,1.0,mandarin,residence 1y,none,https://accent.gmu.edu/samples/mandarin118/,mandarin118,female,118,primary
24.0,7.0,https://accent.gmu.edu/audio/mandarin119.mp3,"changchun, jilin, china",academic,usa,False,mandarin,1.0,mandarin,residence 1y,none,https://accent.gmu.edu/samples/mandarin119/,mandarin119,female,119,primary
24.0,10.0,https://accent.gmu.edu/audio/mandarin120.mp3,"chengde, hebei, china",academic,usa,False,mandarin,0.1,mandarin,residence 0.1y,none,https://accent.gmu.edu/samples/mandarin120/,mandarin120,male,120,primary
30.0,13.0,https://accent.gmu.edu/audio/mandarin121.mp3,"huangshan, anhui, china",academic,usa,False,mandarin,5.0,mandarin,residence 5y (over 5y threshold),none,https://accent.gmu.edu/samples/mandarin121/,mandarin121,female,121,relaxed_residence
26.0,6.0,https://accent.gmu.edu/audio/mandarin122.mp3,"xi’an, shanxi, china",academic,usa,False,mandarin,1.0,mandarin,residence 1y,none,https://accent.gmu.edu/samples/mandarin122/,mandarin122,male,122,primary
21.0,6.0,https://accent.gmu.edu/audio/mandarin123.mp3,"chengdu, sichuan, china",academic,usa,False,mandarin,1.0,mandarin,residence 1y,none,https://accent.gmu.edu/samples/mandarin123/,mandarin123,male,123,primary
33.0,13.0,https://accent.gmu.edu/audio/mandarin124.mp3,"chongqing, china",academic,usa,False,mandarin,3.2,mandarin,residence 3.2y,none,https://accent.gmu.edu/samples/mandarin124/,mandarin124,female,124,primary
24.0,6.0,https://accent.gmu.edu/audio/mandarin125.mp3,"changchun, jilin, china",academic,usa,False,mandarin,1.0,mandarin,residence 1y,none,https://accent.gmu.edu/samples/mandarin125/,mandarin125,female,125,primary
24.0,8.0,https://accent.gmu.edu/audio/mandarin126.mp3,"yulin, shanxi, china",academic,usa,False,mandarin,2.0,mandarin,residence 2y,italian,https://accent.gmu.edu/samples/mandarin126/,mandarin126,male,126,primary
25.0,15.0,https://accent.gmu.edu/audio/mandarin127.mp3,"shenyang, liaoning, china",academic,usa,False,mandarin,3.3,mandarin,residence 3.3y,cantonese dutch,https://accent.gmu.edu/samples/mandarin127/,mandarin127,male,127,primary
21.0,7.0,https://accent.gmu.edu/audio/mandarin128.mp3,"cixi, zhejiang, china",academic,usa,False,mandarin,2.5,mandarin,residence 2.5y,none,https://accent.gmu.edu/samples/mandarin128/,mandarin128,female,128,primary
22.0,12.0,https://accent.gmu.edu/audio/mandarin129.mp3,"luoyang, henan, china",academic,usa,False,mandarin,0.3,mandarin,residence 0.3y,none,https://accent.gmu.edu/samples/mandarin129/,mandarin129,female,129,primary
22.0,7.0,https://accent.gmu.edu/audio/mandarin130.mp3,"weifang, shandong, china",academic,usa,False,mandarin,6.0,mandarin,residence 6y (over 5y threshold),none,https://accent.gmu.edu/samples/mandarin130/,mandarin130,female,130,relaxed_residence
20.0,6.0,https://accent.gmu.edu/audio/mandarin131.mp3,"shenzhen, guangdong, china",academic,usa,False,mandarin,0.8,mandarin,residence 0.8y,cantonese,https://accent.gmu.edu/samples/mandarin131/,mandarin131,male,131,primary
21.0,2.0,https://accent.gmu.edu/audio/mandarin132.mp3,"dangyang, hubei, china",academic,usa,False,mandarin,5.0,mandarin,residence 5y (over 5y threshold),none,https://accent.gmu.edu/samples/mandarin132/,mandarin132,female,132,relaxed_residence
26.0,10.0,https://accent.gmu.edu/audio/mandarin133.mp3,"beijing, china",academic,usa,False,mandarin,3.0,mandarin,residence 3y,none,https://accent.gmu.edu/samples/mandarin133/,mandarin133,female,133,primary
27.0,9.0,https://accent.gmu.edu/audio/mandarin134.mp3,"luoyang, henan, china",academic,usa,False,mandarin,10.0,mandarin,residence 10y (over 5y threshold),none,https://accent.gmu.edu/samples/mandarin134/,mandarin134,male,134,relaxed_residence
25.0,9.0,https://accent.gmu.edu/audio/mandarin135.mp3,"langfang, hebei, china",academic,usa,False,mandarin,7.0,mandarin,residence 7y (over 5y threshold),none,https://accent.gmu.edu/samples/mandarin135/,mandarin135,male,135,relaxed_residence
20.0,10.0,https://accent.gmu.edu/audio/mandarin136.mp3,"shenyang, liaoning, china",academic,usa,False,mandarin,2.0,mandarin,residence 2y,none,https://accent.gmu.edu/samples/mandarin136/,mandarin136,female,136,primary
20.0,10.0,https://accent.gmu.edu/audio/mandarin137.mp3,"xi’an, shanxi, china",academic,usa,False,mandarin,1.0,mandarin,residence 1y,none,https://accent.gmu.edu/samples/mandarin137/,mandarin137,female,137,primary
21.0,7.0,https://accent.gmu.edu/audio/mandarin138.mp3,"chongqing, china",academic,usa,False,mandarin,0.1,mandarin,residence 0.1y,none,https://accent.gmu.edu/samples/mandarin138/,mandarin138,female,138,primary
23.0,14.0,https://accent.gmu.edu/audio/mandarin139.mp3,"kunming, yunnan, china",academic,usa,False,mandarin,3.0,mandarin,residence 3y,none,https://accent.gmu.edu/samples/mandarin139/,mandarin139,male,139,primary
22.0,7.0,https://accent.gmu.edu/audio/mandarin140.mp3,"xuzhou, jiangsu, china",academic,usa,False,mandarin,0.2,mandarin,residence 0.2y,none,https://accent.gmu.edu/samples/mandarin140/,mandarin140,male,140,primary
21.0,6.0,https://accent.gmu.edu/audio/mandarin141.mp3,"beijing, china",academic,usa,False,mandarin,1.0,mandarin,residence 1y,none,https://accent.gmu.edu/samples/mandarin141/,mandarin141,female,141,primary
23.0,6.0,https://accent.gmu.edu/audio/mandarin142.mp3,"chengdu, sichuan, china",academic,usa,False,mandarin,1.0,mandarin,residence 1y,none,https://accent.gmu.edu/samples/mandarin142/,mandarin142,female,142,primary
25.0,10.0,https://accent.gmu.edu/audio/mandarin143.mp3,"fuyang, anhui, china",academic,usa,False,mandarin,0.2,mandarin,residence 0.2y,none,https://accent.gmu.edu/samples/mandarin143/,mandarin143,female,143,primary
20.0,10.0,https://accent.gmu.edu/audio/mandarin144.mp3,"wuhu, anhui, china",academic,usa,False,mandarin,0.1,mandarin,residence 0.1y,none,https://accent.gmu.edu/samples/mandarin144/,mandarin144,male,144,primary
21.0,4.0,https://accent.gmu.edu/audio/mandarin145.mp3,"qingdao, shandong, china",academic,usa,False,mandarin,1.0,mandarin,residence 1y,none,https://accent.gmu.edu/samples/mandarin145/,mandarin145,female,145,primary
24.0,6.0,https://accent.gmu.edu/audio/mandarin146.mp3,"xi’an, shanxi, china",academic,usa,False,mandarin,2.0,mandarin,residence 2y,none,https://accent.gmu.edu/samples/mandarin146/,mandarin146,female,146,primary
19.0,9.0,https://accent.gmu.edu/audio/mandarin147.mp3,"nanyang, henan, china",academic,usa,False,mandarin,0.1,mandarin,residence 0.1y,none,https://accent.gmu.edu/samples/mandarin147/,mandarin147,female,147,primary
19.0,6.0,https://accent.gmu.edu/audio/mandarin148.mp3,"nanyang, henan, china",academic,usa,False,mandarin,0.1,mandarin,residence 0.1y,none,https://accent.gmu.edu/samples/mandarin148/,mandarin148,female,148,primary
19.0,6.0,https://accent.gmu.edu/audio/mandarin149.mp3,"fuzhou, fujian, china",academic,usa,False,mandarin,0.1,mandarin,residence 0.1y,none,https://accent.gmu.edu/samples/mandarin149/,mandarin149,female,149,primary
18.0,12.0,https://accent.gmu.edu/audio/mandarin150.mp3,"taiyuan, shanxi, china",academic,nigeria,False,mandarin,4.0,mandarin,residence 4y,spanish german,https://accent.gmu.edu/samples/mandarin150/,mandarin150,female,150,primary
31.0,8.0,https://accent.gmu.edu/audio/mandarin151.mp3,"wuxi, jiangsu, china",academic,N/A,False,mandarin,0.0,mandarin,residence 0y,french,https://accent.gmu.edu/samples/mandarin151/,mandarin151,female,151,primary
26.0,18.0,https://accent.gmu.edu/audio/mandarin152.mp3,"taoyuan, taiwan",academic,N/A,False,mandarin,0.0,mandarin,residence 0y,taiwanese,https://accent.gmu.edu/samples/mandarin152/,mandarin152,male,152,primary
22.0,6.0,https://accent.gmu.edu/audio/mandarin153.mp3,"pingtung, taiwan",academic,usa,False,mandarin,0.2,mandarin,residence 0.2y,taiwanese,https://accent.gmu.edu/samples/mandarin153/,mandarin153,male,153,primary
22.0,4.0,https://accent.gmu.edu/audio/mandarin154.mp3,"taipei, taiwan",academic,usa,False,mandarin,0.2,mandarin,residence 0.2y,none,https://accent.gmu.edu/samples/mandarin154/,mandarin154,female,154,primary
51.0,9.0,https://accent.gmu.edu/audio/mandarin155.mp3,"baoding, hebei, china",academic,usa,False,mandarin,23.0,mandarin,residence 23y (over 5y threshold),none,https://accent.gmu.edu/samples/mandarin155/,mandarin155,female,155,relaxed_residence
37.0,12.0,https://accent.gmu.edu/audio/mandarin156.mp3,"kaohsiung, taiwan",academic,usa,False,mandarin,1.0,mandarin,residence 1y,taiwanese,https://accent.gmu.edu/samples/mandarin156/,mandarin156,female,156,primary
58.0,11.0,https://accent.gmu.edu/audio/mandarin157.mp3,"zibo, shandong, china",academic,usa,False,mandarin,33.0,mandarin,residence 33y (over 5y threshold),none,https://accent.gmu.edu/samples/mandarin157/,mandarin157,female,157,relaxed_residence
27.0,2.0,https://accent.gmu.edu/audio/hindi1.mp3,"nagpur, maharashtra, india",academic,"uk,usa",True,hindi,3.5,hindi,residence 3.5y,marathi punjabi,https://accent.gmu.edu/samples/hindi1/,hindi1,male,1,primary
31.0,3.0,https://accent.gmu.edu/audio/hindi2.mp3,"hyderabad, india",academic,"usa, canada",True,hindi,8.0,hindi,residence 8y (over 5y threshold),french,https://accent.gmu.edu/samples/hindi2/,hindi2,male,2,relaxed_residence
42.0,5.0,https://accent.gmu.edu/audio/hindi3.mp3,"jalandhar, india",academic,usa,True,hindi,25.0,hindi,residence 25y (over 5y threshold),punjabi urdu,https://accent.gmu.edu/samples/hindi3/,hindi3,male,3,relaxed_residence
28.0,14.0,https://accent.gmu.edu/audio/hindi4.mp3,"bhilwara, rajisthan, india",academic,usa,True,hindi,2.0,hindi,residence 2y,rajasthani gujarati punjabi tamil telugu,https://accent.gmu.edu/samples/hindi4/,hindi4,female,4,primary
64.0,10.0,https://accent.gmu.edu/audio/hindi5.mp3,"hubballi, karnataka, india",academic,usa,True,hindi,40.0,hindi,residence 40y (over 5y threshold),sanskrit pali,https://accent.gmu.edu/samples/hindi5/,hindi5,female,5,relaxed_residence
27.0,4.0,https://accent.gmu.edu/audio/hindi6.mp3,"new delhi, india",academic,usa,True,hindi,1.0,hindi,residence 1y,punjabi,https://accent.gmu.edu/samples/hindi6/,hindi6,female,6,primary
60.0,5.0,https://accent.gmu.edu/audio/hindi7.mp3,"allahabad, utter pardesh, india",academic,usa,True,hindi,30.0,hindi,residence 30y (over 5y threshold),bengali urdu,https://accent.gmu.edu/samples/hindi7/,hindi7,female,7,relaxed_residence
19.0,8.0,https://accent.gmu.edu/audio/hindi8.mp3,"imphal, india",academic,usa,True,hindi,0.75,hindi,residence 0.75y,punjabi,https://accent.gmu.edu/samples/hindi8/,hindi8,male,8,primary
31.0,4.0,https://accent.gmu.edu/audio/hindi9.mp3,"durgapur, west bengal, india",academic,usa,True,hindi,8.0,hindi,residence 8y (over 5y threshold),bengali,https://accent.gmu.edu/samples/hindi9/,hindi9,male,9,relaxed_residence
19.0,10.5,https://accent.gmu.edu/audio/hindi10.mp3,"new delhi, india",naturalistic,usa,True,hindi,8.0,hindi,residence 8y (over 5y threshold),french,https://accent.gmu.edu/samples/hindi10/,hindi10,female,10,relaxed_residence
20.0,4.0,https://accent.gmu.edu/audio/hindi11.mp3,"chandigarh, india",academic,usa,False,hindi,7.0,hindi,residence 7y (over 5y threshold),punjabi,https://accent.gmu.edu/samples/hindi11/,hindi11,male,11,relaxed_residence
25.0,4.0,https://accent.gmu.edu/audio/hindi12.mp3,"allahabad, india",academic,usa,False,hindi,4.0,hindi,residence 4y,none,https://accent.gmu.edu/samples/hindi12/,hindi12,female,12,primary
43.0,13.0,https://accent.gmu.edu/audio/hindi13.mp3,"jaipur, india",academic,usa,False,hindi,0.1,hindi,residence 0.1y,rajasthani garhwali,https://accent.gmu.edu/samples/hindi13/,hindi13,female,13,primary
53.0,12.0,https://accent.gmu.edu/audio/hindi14.mp3,"new delhi, india",academic,usa,False,hindi,25.0,hindi,residence 25y (over 5y threshold),none,https://accent.gmu.edu/samples/hindi14/,hindi14,male,14,relaxed_residence
23.0,1.0,https://accent.gmu.edu/audio/hindi15.mp3,"new delhi, india",naturalistic,usa,False,hindi,1.0,hindi,residence 1y,german,https://accent.gmu.edu/samples/hindi15/,hindi15,female,15,primary
25.0,5.0,https://accent.gmu.edu/audio/hindi16.mp3,"new delhi, india",academic,usa,False,hindi,4.0,hindi,residence 4y,russian,https://accent.gmu.edu/samples/hindi16/,hindi16,male,16,primary
47.0,3.0,https://accent.gmu.edu/audio/hindi17.mp3,"new delhi, india",academic,usa,False,hindi,24.0,hindi,residence 24y (over 5y threshold),none,https://accent.gmu.edu/samples/hindi17/,hindi17,female,17,relaxed_residence
21.0,5.0,https://accent.gmu.edu/audio/hindi18.mp3,"new delhi, india",academic,usa,False,hindi,0.4,hindi,residence 0.4y,punjabi gujarati sanskrit,https://accent.gmu.edu/samples/hindi18/,hindi18,female,18,primary
19.0,0.0,https://accent.gmu.edu/audio/hindi19.mp3,"irving, texas, usa",naturalistic,usa,False,hindi,19.0,hindi,residence 19y (over 5y threshold),german japanese latin old english,https://accent.gmu.edu/samples/hindi19/,hindi19,male,19,relaxed_residence
27.0,4.0,https://accent.gmu.edu/audio/hindi20.mp3,"hazaribagh, jharkhand, india",academic,usa,False,hindi,0.1,hindi,residence 0.1y,punjabi kannada,https://accent.gmu.edu/samples/hindi20/,hindi20,male,20,primary
26.0,4.0,https://accent.gmu.edu/audio/hindi21.mp3,"faridabad, haryana, india",academic,usa,False,hindi,1.0,hindi,residence 1y,none,https://accent.gmu.edu/samples/hindi21/,hindi21,male,21,primary
28.0,5.0,https://accent.gmu.edu/audio/hindi22.mp3,"meerut, uttar pradesh, india",academic,usa,False,hindi,1.0,hindi,residence 1y,none,https://accent.gmu.edu/samples/hindi22/,hindi22,male,22,primary
25.0,3.0,https://accent.gmu.edu/audio/hindi23.mp3,"raj nagar, rajasthan, india",academic,usa,False,hindi,0.3,hindi,residence 0.3y,marathi gujarati,https://accent.gmu.edu/samples/hindi23/,hindi23,male,23,primary
23.0,2.0,https://accent.gmu.edu/audio/hindi24.mp3,"jamshedpur, jharkhand, india",naturalistic,usa,False,hindi,0.5,hindi,residence 0.5y,none,https://accent.gmu.edu/samples/hindi24/,hindi24,female,24,primary
24.0,6.0,https://accent.gmu.edu/audio/hindi25.mp3,"pune, maharashtra, india",academic,usa,False,hindi,1.0,hindi,residence 1y,marathi,https://accent.gmu.edu/samples/hindi25/,hindi25,male,25,primary
25.0,6.0,https://accent.gmu.edu/audio/hindi26.mp3,"kolkata, west bengal, india",academic,usa,False,hindi,0.6,hindi,residence 0.6y,bengali punjabi,https://accent.gmu.edu/samples/hindi26/,hindi26,male,26,primary
22.0,5.0,https://accent.gmu.edu/audio/hindi27.mp3,"surat, gujarat, india",academic,usa,False,hindi,0.3,hindi,residence 0.3y,gujarati french marwari,https://accent.gmu.edu/samples/hindi27/,hindi27,male,27,primary
21.0,5.0,https://accent.gmu.edu/audio/hindi28.mp3,"patna, india",academic,N/A,False,hindi,0.0,hindi,residence 0y,none,https://accent.gmu.edu/samples/hindi28/,hindi28,male,28,primary
24.0,3.0,https://accent.gmu.edu/audio/hindi29.mp3,"chennai, tamil nadu, india",academic,usa,False,hindi,0.5,hindi,residence 0.5y,telugu kannada gujarati,https://accent.gmu.edu/samples/hindi29/,hindi29,male,29,primary
37.0,5.0,https://accent.gmu.edu/audio/hindi30.mp3,"ludhiana, india",academic,usa,False,hindi,2.5,hindi,residence 2.5y,urdu punjabi,https://accent.gmu.edu/samples/hindi30/,hindi30,female,30,primary
36.0,5.0,https://accent.gmu.edu/audio/hindi31.mp3,"rajkot, gujarat, india",academic,usa,False,hindi,13.0,hindi,residence 13y (over 5y threshold),gujarati,https://accent.gmu.edu/samples/hindi31/,hindi31,female,31,relaxed_residence
27.0,9.0,https://accent.gmu.edu/audio/hindi32.mp3,"new delhi, india",academic,usa,False,hindi,1.0,hindi,residence 1y,none,https://accent.gmu.edu/samples/hindi32/,hindi32,female,32,primary
44.0,6.0,https://accent.gmu.edu/audio/hindi33.mp3,"hyderabad, india",naturalistic,"uk, canada, usa",False,hindi,30.0,hindi,residence 30y (over 5y threshold),telugu arabic french greek sanskrit,https://accent.gmu.edu/samples/hindi33/,hindi33,female,33,relaxed_residence
29.0,5.0,https://accent.gmu.edu/audio/hindi34.mp3,"pune, india",academic,N/A,False,hindi,0.0,hindi,residence 0y,tamil marathi,https://accent.gmu.edu/samples/hindi34/,hindi34,male,34,primary
38.0,12.0,https://accent.gmu.edu/audio/arabic1.mp3,"riyadh, saudi arabia",academic,usa,True,arabic,4.0,arabic,residence 4y,none,https://accent.gmu.edu/samples/arabic1/,arabic1,female,1,primary
18.0,2.5,https://accent.gmu.edu/audio/arabic2.mp3,"damascus, syria",naturalistic,usa,True,arabic,3.0,arabic,residence 3y,none,https://accent.gmu.edu/samples/arabic2/,arabic2,male,2,primary
24.0,9.0,https://accent.gmu.edu/audio/arabic3.mp3,"doha, qatar",academic,usa,True,arabic,1.0,arabic,residence 1y,none,https://accent.gmu.edu/samples/arabic3/,arabic3,male,3,primary
19.0,6.0,https://accent.gmu.edu/audio/arabic4.mp3,"sharjah, united arab emirates",academic,usa,True,arabic,0.6,arabic,residence 0.6y,french,https://accent.gmu.edu/samples/arabic4/,arabic4,male,4,primary
19.0,15.0,https://accent.gmu.edu/audio/arabic5.mp3,"casablanca, morocco",academic,usa,True,arabic,0.6,arabic,residence 0.6y,french,https://accent.gmu.edu/samples/arabic5/,arabic5,female,5,primary
21.0,14.5,https://accent.gmu.edu/audio/arabic6.mp3,"sanaa, yemen",academic,"uk,usa",True,arabic,2.0,arabic,residence 2y,none,https://accent.gmu.edu/samples/arabic6/,arabic6,male,6,primary
18.0,15.0,https://accent.gmu.edu/audio/arabic7.mp3,"casablanca, morocco",academic,usa,True,arabic,0.1,arabic,residence 0.1y,french,https://accent.gmu.edu/samples/arabic7/,arabic7,female,7,primary
21.0,17.0,https://accent.gmu.edu/audio/arabic8.mp3,"casablanca, morocco",academic,usa,True,arabic,0.7,arabic,residence 0.7y,french,https://accent.gmu.edu/samples/arabic8/,arabic8,male,8,primary
28.0,4.0,https://accent.gmu.edu/audio/arabic9.mp3,"jerusalem, israel",academic,usa,True,arabic,12.0,arabic,residence 12y (over 5y threshold),none,https://accent.gmu.edu/samples/arabic9/,arabic9,female,9,relaxed_residence
26.0,5.0,https://accent.gmu.edu/audio/arabic10.mp3,"cairo, egypt",academic,usa,True,arabic,2.0,arabic,residence 2y,french german,https://accent.gmu.edu/samples/arabic10/,arabic10,male,10,primary
30.0,14.0,https://accent.gmu.edu/audio/arabic11.mp3,"monastir, tunisia",academic,usa,True,arabic,4.0,arabic,residence 4y,french,https://accent.gmu.edu/samples/arabic11/,arabic11,female,11,primary
32.0,11.0,https://accent.gmu.edu/audio/arabic12.mp3,"baghdad, iraq",academic,usa,True,arabic,8.0,arabic,residence 8y (over 5y threshold),none,https://accent.gmu.edu/samples/arabic12/,arabic12,male,12,relaxed_residence
25.0,15.0,https://accent.gmu.edu/audio/arabic13.mp3,"zabbougha, lebanon",academic,usa,True,arabic,1.0,arabic,residence 1y,french swedish,https://accent.gmu.edu/samples/arabic13/,arabic13,male,13,primary
47.0,11.0,https://accent.gmu.edu/audio/arabic14.mp3,"amman, jordan",naturalistic,usa,True,arabic,25.0,arabic,residence 25y (over 5y threshold),hebrew,https://accent.gmu.edu/samples/arabic14/,arabic14,male,14,relaxed_residence
40.0,33.0,https://accent.gmu.edu/audio/arabic15.mp3,"qayrawan, tunisia",naturalistic,usa,True,arabic,7.0,arabic,residence 7y (over 5y threshold),french,https://accent.gmu.edu/samples/arabic15/,arabic15,male,15,relaxed_residence
22.0,16.0,https://accent.gmu.edu/audio/arabic16.mp3,"meknes, morocco",academic,N/A,True,arabic,0.0,arabic,residence 0y,french spanish,https://accent.gmu.edu/samples/arabic16/,arabic16,male,16,primary
35.0,15.0,https://accent.gmu.edu/audio/arabic17.mp3,"settat, morocco",academic,N/A,True,arabic,0.0,arabic,residence 0y,french,https://accent.gmu.edu/samples/arabic17/,arabic17,male,17,primary
18.0,6.0,https://accent.gmu.edu/audio/arabic18.mp3,"kuwait city, kuwait",academic,N/A,True,arabic,0.0,arabic,residence 0y,french,https://accent.gmu.edu/samples/arabic18/,arabic18,male,18,primary
43.0,18.0,https://accent.gmu.edu/audio/arabic19.mp3,"khouribga, morocco",academic,usa,True,arabic,8.0,arabic,residence 8y (over 5y threshold),french,https://accent.gmu.edu/samples/arabic19/,arabic19,male,19,relaxed_residence
36.0,12.0,https://accent.gmu.edu/audio/arabic20.mp3,"chtaura, beqa valley, lebanon",academic,usa,True,arabic,1.0,arabic,residence 1y,french german,https://accent.gmu.edu/samples/arabic20/,arabic20,male,20,primary
46.0,30.0,https://accent.gmu.edu/audio/arabic21.mp3,"beirut, lebanon",naturalistic,usa,True,arabic,13.0,arabic,residence 13y (over 5y threshold),french,https://accent.gmu.edu/samples/arabic21/,arabic21,female,21,relaxed_residence
23.0,10.0,https://accent.gmu.edu/audio/arabic22.mp3,"abu dhabi, united arab emirates",academic,N/A,True,arabic,0.0,arabic,residence 0y,french hebrew,https://accent.gmu.edu/samples/arabic22/,arabic22,female,22,primary
42.0,13.0,https://accent.gmu.edu/audio/arabic23.mp3,"al mahalla, egypt",academic,usa,True,arabic,8.0,arabic,residence 8y (over 5y threshold),italian farsi french hebrew,https://accent.gmu.edu/samples/arabic23/,arabic23,male,23,relaxed_residence
40.0,7.0,https://accent.gmu.edu/audio/arabic24.mp3,"cairo, egypt",academic,uk,True,arabic,3.0,arabic,residence 3y,none,https://accent.gmu.edu/samples/arabic24/,arabic24,male,24,primary
38.0,5.0,https://accent.gmu.edu/audio/arabic25.mp3,"ramun, israel",naturalistic,usa,True,arabic,33.0,arabic,residence 33y (over 5y threshold),french spanish,https://accent.gmu.edu/samples/arabic25/,arabic25,male,25,relaxed_residence
43.0,14.0,https://accent.gmu.edu/audio/arabic26.mp3,"amman, jordan",academic,usa,True,arabic,28.0,arabic,residence 28y (over 5y threshold),none,https://accent.gmu.edu/samples/arabic26/,arabic26,female,26,relaxed_residence
70.0,10.0,https://accent.gmu.edu/audio/arabic27.mp3,"jerusalem, israel",academic,usa,True,arabic,30.0,arabic,residence 30y (over 5y threshold),farsi hebrew,https://accent.gmu.edu/samples/arabic27/,arabic27,male,27,relaxed_residence
30.0,12.0,https://accent.gmu.edu/audio/arabic28.mp3,"al-ayn, united arab emirates",academic,usa,True,arabic,1.0,arabic,residence 1y,none,https://accent.gmu.edu/samples/arabic28/,arabic28,male,28,primary
19.0,17.0,https://accent.gmu.edu/audio/arabic29.mp3,"doha, qatar",academic,usa,True,arabic,0.3,arabic,residence 0.3y,none,https://accent.gmu.edu/samples/arabic29/,arabic29,male,29,primary
19.0,8.0,https://accent.gmu.edu/audio/arabic30.mp3,"riyadh, saudi arabia",naturalistic,usa,True,arabic,11.0,arabic,residence 11y (over 5y threshold),none,https://accent.gmu.edu/samples/arabic30/,arabic30,female,30,relaxed_residence
47.0,12.0,https://accent.gmu.edu/audio/arabic31.mp3,"baghdad, iraq",academic,usa,True,arabic,0.3,arabic,residence 0.3y,none,https://accent.gmu.edu/samples/arabic31/,arabic31,female,31,primary
42.0,12.0,https://accent.gmu.edu/audio/arabic32.mp3,"baghdad, iraq",academic,usa,True,arabic,16.0,arabic,residence 16y (over 5y threshold),none,https://accent.gmu.edu/samples/arabic32/,arabic32,male,32,relaxed_residence
28.0,11.0,https://accent.gmu.edu/audio/arabic33.mp3,"baghdad, iraq",academic,usa,True,arabic,0.3,arabic,residence 0.3y,none,https://accent.gmu.edu/samples/arabic33/,arabic33,female,33,primary
34.0,6.0,https://accent.gmu.edu/audio/arabic34.mp3,"kuwait city, kuwait",academic,usa,True,arabic,4.0,arabic,residence 4y,french,https://accent.gmu.edu/samples/arabic34/,arabic34,female,34,primary
56.0,16.0,https://accent.gmu.edu/audio/arabic35.mp3,"jiddah, saudi arabia",naturalistic,usa,True,arabic,33.0,arabic,residence 33y (over 5y threshold),none,https://accent.gmu.edu/samples/arabic35/,arabic35,male,35,relaxed_residence
36.0,6.0,https://accent.gmu.edu/audio/arabic36.mp3,"jiddah, saudi arabia",academic,"usa, uk",True,arabic,6.0,arabic,residence 6y (over 5y threshold),none,https://accent.gmu.edu/samples/arabic36/,arabic36,male,36,relaxed_residence
18.0,16.0,https://accent.gmu.edu/audio/arabic37.mp3,"jiddah, saudi arabia",academic,usa,True,arabic,0.4,arabic,residence 0.4y,none,https://accent.gmu.edu/samples/arabic37/,arabic37,male,37,primary
19.0,9.0,https://accent.gmu.edu/audio/arabic38.mp3,"shady grove, maryland, usa",academic,usa,True,arabic,12.0,arabic,residence 12y (over 5y threshold),none,https://accent.gmu.edu/samples/arabic38/,arabic38,female,38,relaxed_residence
22.0,5.0,https://accent.gmu.edu/audio/arabic39.mp3,"jiddah, saudi arabia",academic,usa,True,arabic,2.0,arabic,residence 2y,none,https://accent.gmu.edu/samples/arabic39/,arabic39,male,39,primary
19.0,13.0,https://accent.gmu.edu/audio/arabic40.mp3,"jiddah, saudi arabia",academic,usa,True,arabic,0.1,arabic,residence 0.1y,none,https://accent.gmu.edu/samples/arabic40/,arabic40,male,40,primary
25.0,7.0,https://accent.gmu.edu/audio/arabic41.mp3,"riyadh, saudi arabia",academic,usa,True,arabic,1.5,arabic,residence 1.5y,none,https://accent.gmu.edu/samples/arabic41/,arabic41,male,41,primary
21.0,13.0,https://accent.gmu.edu/audio/arabic42.mp3,"jiddah, saudi arabia",academic,usa,True,arabic,0.5,arabic,residence 0.5y,none,https://accent.gmu.edu/samples/arabic42/,arabic42,male,42,primary
29.0,8.0,https://accent.gmu.edu/audio/arabic43.mp3,"beirut, lebanon",academic,N/A,True,arabic,0.0,arabic,residence 0y,french spanish,https://accent.gmu.edu/samples/arabic43/,arabic43,female,43,primary
29.0,7.0,https://accent.gmu.edu/audio/arabic44.mp3,"jiddah, saudi arabia",academic,usa,True,arabic,0.6,arabic,residence 0.6y,none,https://accent.gmu.edu/samples/arabic44/,arabic44,female,44,primary
32.0,12.0,https://accent.gmu.edu/audio/arabic45.mp3,"fort collins, colorado, usa",naturalistic,usa,True,arabic,0.5,arabic,residence 0.5y,turkish,https://accent.gmu.edu/samples/arabic45/,arabic45,female,45,primary
28.0,13.0,https://accent.gmu.edu/audio/arabic46.mp3,"jiddah, saudi arabia",academic,"uk, usa",True,arabic,1.0,arabic,residence 1y,none,https://accent.gmu.edu/samples/arabic46/,arabic46,male,46,primary
39.0,16.0,https://accent.gmu.edu/audio/arabic47.mp3,"jiddah, saudi arabia",academic,usa,True,arabic,0.75,arabic,residence 0.75y,none,https://accent.gmu.edu/samples/arabic47/,arabic47,male,47,primary
29.0,12.0,https://accent.gmu.edu/audio/arabic48.mp3,"mecca, saudi arabia",academic,usa,True,arabic,1.0,arabic,residence 1y,none,https://accent.gmu.edu/samples/arabic48/,arabic48,male,48,primary
26.0,8.0,https://accent.gmu.edu/audio/arabic49.mp3,"medina, saudi arabia",academic,usa,True,arabic,1.0,arabic,residence 1y,none,https://accent.gmu.edu/samples/arabic49/,arabic49,male,49,primary
36.0,22.0,https://accent.gmu.edu/audio/arabic50.mp3,"jiddah, saudi arabia",academic,usa,True,arabic,0.75,arabic,residence 0.75y,none,https://accent.gmu.edu/samples/arabic50/,arabic50,male,50,primary
23.0,12.0,https://accent.gmu.edu/audio/arabic51.mp3,"jiddah, saudi arabia",academic,usa,True,arabic,4.0,arabic,residence 4y,none,https://accent.gmu.edu/samples/arabic51/,arabic51,male,51,primary
21.0,9.0,https://accent.gmu.edu/audio/arabic52.mp3,"jiddah, saudi arabia",academic,usa,True,arabic,5.0,arabic,residence 5y (over 5y threshold),none,https://accent.gmu.edu/samples/arabic52/,arabic52,female,52,relaxed_residence
36.0,17.0,https://accent.gmu.edu/audio/arabic53.mp3,"rabat, morocco",academic,usa,True,arabic,12.0,arabic,residence 12y (over 5y threshold),french tachelhit danish swedish,https://accent.gmu.edu/samples/arabic53/,arabic53,male,53,relaxed_residence
22.0,7.0,https://accent.gmu.edu/audio/arabic54.mp3,"baghdad, iraq",academic,usa,False,arabic,3.0,arabic,residence 3y,french,https://accent.gmu.edu/samples/arabic54/,arabic54,male,54,primary
70.0,33.0,https://accent.gmu.edu/audio/arabic55.mp3,"beirut, lebanon",academic,usa,False,arabic,37.0,arabic,residence 37y (over 5y threshold),french,https://accent.gmu.edu/samples/arabic55/,arabic55,male,55,relaxed_residence
43.0,12.0,https://accent.gmu.edu/audio/arabic56.mp3,"ain defla, algeria",academic,usa,False,arabic,3.0,arabic,residence 3y,french,https://accent.gmu.edu/samples/arabic56/,arabic56,male,56,primary
28.0,17.0,https://accent.gmu.edu/audio/arabic57.mp3,"beirut, lebanon",academic,usa,False,arabic,11.0,arabic,residence 11y (over 5y threshold),french,https://accent.gmu.edu/samples/arabic57/,arabic57,female,57,relaxed_residence
34.0,9.0,https://accent.gmu.edu/audio/arabic58.mp3,"baghdad, iraq",academic,usa,False,arabic,5.5,arabic,residence 5.5y (over 5y threshold),none,https://accent.gmu.edu/samples/arabic58/,arabic58,male,58,relaxed_residence
55.0,9.0,https://accent.gmu.edu/audio/arabic59.mp3,"irbid, jordan",academic,usa,False,arabic,35.0,arabic,residence 35y (over 5y threshold),german,https://accent.gmu.edu/samples/arabic59/,arabic59,male,59,relaxed_residence
60.0,14.0,https://accent.gmu.edu/audio/arabic60.mp3,"cairo, egypt",academic,usa,False,arabic,23.0,arabic,residence 23y (over 5y threshold),french,https://accent.gmu.edu/samples/arabic60/,arabic60,male,60,relaxed_residence
20.0,7.0,https://accent.gmu.edu/audio/arabic61.mp3,"manama, bahrain",academic,usa,False,arabic,1.75,arabic,residence 1.75y,turkish urdu,https://accent.gmu.edu/samples/arabic61/,arabic61,male,61,primary
19.0,18.0,https://accent.gmu.edu/audio/arabic62.mp3,"ad dammam, saudi arabia",academic,usa,False,arabic,1.0,arabic,residence 1y,none,https://accent.gmu.edu/samples/arabic62/,arabic62,male,62,primary
28.0,10.0,https://accent.gmu.edu/audio/arabic63.mp3,"bani walid, libya",academic,usa,False,arabic,0.3,arabic,residence 0.3y,none,https://accent.gmu.edu/samples/arabic63/,arabic63,female,63,primary
23.0,6.0,https://accent.gmu.edu/audio/arabic64.mp3,"riyadh, saudi arabia",naturalistic,usa,False,arabic,3.0,arabic,residence 3y,none,https://accent.gmu.edu/samples/arabic64/,arabic64,male,64,primary
32.0,10.0,https://accent.gmu.edu/audio/arabic65.mp3,"samail, oman",academic,"canada, usa",True,arabic,6.0,arabic,residence 6y (over 5y threshold),none,https://accent.gmu.edu/samples/arabic65/,arabic65,female,65,relaxed_residence
50.0,14.0,https://accent.gmu.edu/audio/arabic66.mp3,"medina, saudi arabia",academic,usa,False,arabic,1.0,arabic,residence 1y,none,https://accent.gmu.edu/samples/arabic66/,arabic66,male,66,primary
43.0,22.0,https://accent.gmu.edu/audio/arabic67.mp3,"nasriah, iraq",academic,usa,False,arabic,20.0,arabic,residence 20y (over 5y threshold),none,https://accent.gmu.edu/samples/arabic67/,arabic67,male,67,relaxed_residence
20.0,6.0,https://accent.gmu.edu/audio/arabic68.mp3,"london, uk",naturalistic,"uk, usa",False,arabic,9.0,arabic,residence 9y (over 5y threshold),none,https://accent.gmu.edu/samples/arabic68/,arabic68,male,68,relaxed_residence
55.0,15.0,https://accent.gmu.edu/audio/arabic69.mp3,"kerma, sudan",academic,"uk, usa",False,arabic,21.0,arabic,residence 21y (over 5y threshold),nobiin,https://accent.gmu.edu/samples/arabic69/,arabic69,female,69,relaxed_residence
47.0,16.0,https://accent.gmu.edu/audio/arabic70.mp3,"casablanca, morocco",academic,usa,False,arabic,25.0,arabic,residence 25y (over 5y threshold),french spanish,https://accent.gmu.edu/samples/arabic70/,arabic70,male,70,relaxed_residence
29.0,21.0,https://accent.gmu.edu/audio/arabic71.mp3,"kuwait city, kuwait",naturalistic,usa,False,arabic,8.0,arabic,residence 8y (over 5y threshold),turkish spanish,https://accent.gmu.edu/samples/arabic71/,arabic71,female,71,relaxed_residence
20.0,11.0,https://accent.gmu.edu/audio/arabic72.mp3,"baghdad, iraq",academic,usa,False,arabic,4.8,arabic,residence 4.8y,none,https://accent.gmu.edu/samples/arabic72/,arabic72,female,72,primary
47.0,7.0,https://accent.gmu.edu/audio/arabic73.mp3,"nazareth, israel",academic,usa,False,arabic,28.0,arabic,residence 28y (over 5y threshold),hebrew,https://accent.gmu.edu/samples/arabic73/,arabic73,female,73,relaxed_residence
18.0,4.0,https://accent.gmu.edu/audio/arabic74.mp3,"alexandria, egypt",academic,usa,False,arabic,0.4,arabic,residence 0.4y,french,https://accent.gmu.edu/samples/arabic74/,arabic74,male,74,primary
26.0,2.0,https://accent.gmu.edu/audio/arabic75.mp3,"riyadh, saudi arabia",naturalistic,usa,True,arabic,5.2,arabic,residence 5.2y (over 5y threshold),none,https://accent.gmu.edu/samples/arabic75/,arabic75,female,75,relaxed_residence
25.0,4.0,https://accent.gmu.edu/audio/arabic76.mp3,"jiddah, saudi arabia",naturalistic,usa,True,arabic,0.2,arabic,residence 0.2y,none,https://accent.gmu.edu/samples/arabic76/,arabic76,male,76,primary
18.0,4.0,https://accent.gmu.edu/audio/arabic77.mp3,"ad dammam, saudi arabia",naturalistic,usa,True,arabic,1.0,arabic,residence 1y,korean japanese,https://accent.gmu.edu/samples/arabic77/,arabic77,female,77,primary
19.0,3.0,https://accent.gmu.edu/audio/arabic78.mp3,"washington, district of columbia, usa",naturalistic,usa,True,arabic,8.0,arabic,residence 8y (over 5y threshold),none,https://accent.gmu.edu/samples/arabic78/,arabic78,female,78,relaxed_residence
24.0,13.0,https://accent.gmu.edu/audio/arabic79.mp3,"medina, saudi arabia",academic,usa,False,arabic,1.0,arabic,residence 1y,none,https://accent.gmu.edu/samples/arabic79/,arabic79,female,79,primary
25.0,11.0,https://accent.gmu.edu/audio/arabic80.mp3,"najran, saudi arabia",academic,usa,False,arabic,2.0,arabic,residence 2y,none,https://accent.gmu.edu/samples/arabic80/,arabic80,male,80,primary
22.0,17.0,https://accent.gmu.edu/audio/arabic81.mp3,"riyadh, saudi arabia",naturalistic,usa,False,arabic,3.6,arabic,residence 3.6y,german,https://accent.gmu.edu/samples/arabic81/,arabic81,male,81,primary
42.0,12.0,https://accent.gmu.edu/audio/arabic82.mp3,"damascus, syria",academic,usa,True,arabic,0.3,arabic,residence 0.3y,none,https://accent.gmu.edu/samples/arabic82/,arabic82,male,82,primary
22.0,21.0,https://accent.gmu.edu/audio/arabic83.mp3,"riyadh, saudi arabia",academic,usa,True,arabic,1.0,arabic,residence 1y,none,https://accent.gmu.edu/samples/arabic83/,arabic83,male,83,primary
26.0,12.0,https://accent.gmu.edu/audio/arabic84.mp3,"medina, saudi arabia",academic,usa,False,arabic,2.0,arabic,residence 2y,none,https://accent.gmu.edu/samples/arabic84/,arabic84,female,84,primary
24.0,14.0,https://accent.gmu.edu/audio/arabic85.mp3,"ad dammam, saudi arabia",academic,usa,False,arabic,0.4,arabic,residence 0.4y,none,https://accent.gmu.edu/samples/arabic85/,arabic85,female,85,primary
28.0,3.0,https://accent.gmu.edu/audio/arabic86.mp3,"cairo, egypt",academic,"usa, canada",False,arabic,2.8,arabic,residence 2.8y,french spanish,https://accent.gmu.edu/samples/arabic86/,arabic86,male,86,primary
49.0,10.0,https://accent.gmu.edu/audio/arabic87.mp3,"kuwait city, kuwait",academic,usa,False,arabic,0.5,arabic,residence 0.5y,turkish,https://accent.gmu.edu/samples/arabic87/,arabic87,female,87,primary
19.0,4.0,https://accent.gmu.edu/audio/arabic88.mp3,"beirut, lebanon",academic,usa,False,arabic,3.0,arabic,residence 3y,french,https://accent.gmu.edu/samples/arabic88/,arabic88,female,88,primary
35.0,19.0,https://accent.gmu.edu/audio/arabic89.mp3,"baghdad, iraq",academic,usa,False,arabic,16.0,arabic,residence 16y (over 5y threshold),none,https://accent.gmu.edu/samples/arabic89/,arabic89,female,89,relaxed_residence
23.0,12.0,https://accent.gmu.edu/audio/arabic90.mp3,"tripoli, libya",academic,usa,False,arabic,2.5,arabic,residence 2.5y,turkish,https://accent.gmu.edu/samples/arabic90/,arabic90,female,90,primary
57.0,12.0,https://accent.gmu.edu/audio/arabic91.mp3,"riyadh, saudi arabia",academic,usa,False,arabic,8.0,arabic,residence 8y (over 5y threshold),none,https://accent.gmu.edu/samples/arabic91/,arabic91,female,91,relaxed_residence
36.0,10.0,https://accent.gmu.edu/audio/arabic92.mp3,"baghdad, iraq",academic,usa,False,arabic,2.0,arabic,residence 2y,dutch,https://accent.gmu.edu/samples/arabic92/,arabic92,male,92,primary
27.0,10.0,https://accent.gmu.edu/audio/arabic93.mp3,"baghdad, iraq",academic,usa,True,arabic,4.8,arabic,residence 4.8y,none,https://accent.gmu.edu/samples/arabic93/,arabic93,female,93,primary
24.0,9.0,https://accent.gmu.edu/audio/arabic94.mp3,"abu dhabi, united arab emirates",academic,usa,False,arabic,9.0,arabic,residence 9y (over 5y threshold),none,https://accent.gmu.edu/samples/arabic94/,arabic94,female,94,relaxed_residence
31.0,10.0,https://accent.gmu.edu/audio/arabic95.mp3,"kuwait city, kuwait",academic,usa,False,arabic,1.0,arabic,residence 1y,none,https://accent.gmu.edu/samples/arabic95/,arabic95,female,95,primary
21.0,7.0,https://accent.gmu.edu/audio/arabic96.mp3,"riyadh, saudi arabia",academic,usa,False,arabic,2.0,arabic,residence 2y,none,https://accent.gmu.edu/samples/arabic96/,arabic96,male,96,primary
19.0,4.0,https://accent.gmu.edu/audio/arabic97.mp3,"sharjah, united arab emirates",academic,N/A,False,arabic,0.0,arabic,residence 0y,none,https://accent.gmu.edu/samples/arabic97/,arabic97,female,97,primary
19.0,4.0,https://accent.gmu.edu/audio/arabic98.mp3,"ras al khaimah, united arab emirates",academic,N/A,False,arabic,0.0,arabic,residence 0y,none,https://accent.gmu.edu/samples/arabic98/,arabic98,female,98,primary
25.0,16.0,https://accent.gmu.edu/audio/arabic99.mp3,"ad dammam, saudi arabia",academic,usa,False,arabic,2.0,arabic,residence 2y,none,https://accent.gmu.edu/samples/arabic99/,arabic99,female,99,primary
40.0,10.0,https://accent.gmu.edu/audio/arabic100.mp3,"beirut, lebanon",academic,usa,False,arabic,20.0,arabic,residence 20y (over 5y threshold),french german,https://accent.gmu.edu/samples/arabic100/,arabic100,female,100,relaxed_residence
21.0,10.0,https://accent.gmu.edu/audio/arabic101.mp3,"doha, qatar",academic,usa,False,arabic,2.0,arabic,residence 2y,none,https://accent.gmu.edu/samples/arabic101/,arabic101,male,101,primary
22.0,3.0,https://accent.gmu.edu/audio/arabic102.mp3,"jiddah, saudi arabia",academic,usa,False,arabic,5.0,arabic,residence 5y (over 5y threshold),french,https://accent.gmu.edu/samples/arabic102/,arabic102,male,102,relaxed_residence
29.0,10.0,https://accent.gmu.edu/audio/arabic103.mp3,"baghdad, iraq",academic,usa,False,arabic,3.0,arabic,residence 3y,none,https://accent.gmu.edu/samples/arabic103/,arabic103,male,103,primary
31.0,6.0,https://accent.gmu.edu/audio/arabic104.mp3,"riyadh, saudi arabia",academic,usa,False,arabic,4.0,arabic,residence 4y,none,https://accent.gmu.edu/samples/arabic104/,arabic104,female,104,primary
23.0,12.0,https://accent.gmu.edu/audio/arabic105.mp3,"riyadh, saudi arabia",academic,N/A,False,arabic,0.0,arabic,residence 0y,none,https://accent.gmu.edu/samples/arabic105/,arabic105,female,105,primary
28.0,12.0,https://accent.gmu.edu/audio/arabic106.mp3,"riyadh, saudi arabia",academic,uk,False,arabic,2.0,arabic,residence 2y,none,https://accent.gmu.edu/samples/arabic106/,arabic106,male,106,primary
28.0,12.0,https://accent.gmu.edu/audio/arabic107.mp3,"riyadh, saudi arabia",academic,australia,False,arabic,2.0,arabic,residence 2y,none,https://accent.gmu.edu/samples/arabic107/,arabic107,male,107,primary
30.0,10.0,https://accent.gmu.edu/audio/arabic108.mp3,"riyadh, saudi arabia",academic,N/A,False,arabic,0.0,arabic,residence 0y,none,https://accent.gmu.edu/samples/arabic108/,arabic108,female,108,primary
19.0,10.0,https://accent.gmu.edu/audio/arabic109.mp3,"riyadh, saudi arabia",academic,N/A,False,arabic,0.0,arabic,residence 0y,none,https://accent.gmu.edu/samples/arabic109/,arabic109,female,109,primary
27.0,7.0,https://accent.gmu.edu/audio/arabic110.mp3,"riyadh, saudi arabia",academic,uk,False,arabic,7.0,arabic,residence 7y (over 5y threshold),none,https://accent.gmu.edu/samples/arabic110/,arabic110,male,110,relaxed_residence
20.0,5.0,https://accent.gmu.edu/audio/arabic111.mp3,"riyadh, saudi arabia",academic,usa,False,arabic,3.0,arabic,residence 3y,none,https://accent.gmu.edu/samples/arabic111/,arabic111,female,111,primary
19.0,3.0,https://accent.gmu.edu/audio/arabic112.mp3,"riyadh, saudi arabia",academic,usa,False,arabic,2.5,arabic,residence 2.5y,none,https://accent.gmu.edu/samples/arabic112/,arabic112,female,112,primary
20.0,1.0,https://accent.gmu.edu/audio/arabic113.mp3,"riyadh, saudi arabia",naturalistic,usa,False,arabic,4.0,arabic,residence 4y,spanish,https://accent.gmu.edu/samples/arabic113/,arabic113,female,113,primary
23.0,4.0,https://accent.gmu.edu/audio/arabic114.mp3,"amman, jordan",academic,"uk, usa",False,arabic,5.5,arabic,residence 5.5y (over 5y threshold),none,https://accent.gmu.edu/samples/arabic114/,arabic114,female,114,relaxed_residence
41.0,19.0,https://accent.gmu.edu/audio/arabic115.mp3,"damascus, syria",academic,usa,False,arabic,22.0,arabic,residence 22y (over 5y threshold),hindi,https://accent.gmu.edu/samples/arabic115/,arabic115,female,115,relaxed_residence
30.0,13.0,https://accent.gmu.edu/audio/arabic116.mp3,"al ras, saudi arabia",academic,usa,False,arabic,4.0,arabic,residence 4y,none,https://accent.gmu.edu/samples/arabic116/,arabic116,female,116,primary
40.0,37.0,https://accent.gmu.edu/audio/arabic117.mp3,"al ras, saudi arabia",academic,usa,False,arabic,3.0,arabic,residence 3y,none,https://accent.gmu.edu/samples/arabic117/,arabic117,male,117,primary
40.0,13.0,https://accent.gmu.edu/audio/arabic118.mp3,"riyadh, saudi arabia",academic,"australia, usa",False,arabic,3.0,arabic,residence 3y,none,https://accent.gmu.edu/samples/arabic118/,arabic118,male,118,primary
29.0,13.0,https://accent.gmu.edu/audio/arabic119.mp3,"jiddah, saudi arabia",academic,"uk, usa",False,arabic,17.0,arabic,residence 17y (over 5y threshold),none,https://accent.gmu.edu/samples/arabic119/,arabic119,male,119,relaxed_residence
31.0,13.0,https://accent.gmu.edu/audio/arabic120.mp3,"riyadh, saudi arabia",academic,usa,False,arabic,3.0,arabic,residence 3y,amharic tagalog tigrigna,https://accent.gmu.edu/samples/arabic120/,arabic120,male,120,primary
28.0,5.0,https://accent.gmu.edu/audio/arabic121.mp3,"riyadh, saudi arabia",academic,usa,False,arabic,3.0,arabic,residence 3y,none,https://accent.gmu.edu/samples/arabic121/,arabic121,male,121,primary
31.0,28.0,https://accent.gmu.edu/audio/arabic122.mp3,"sabt alalaya, saudi arabia",academic,usa,False,arabic,6.0,arabic,residence 6y (over 5y threshold),none,https://accent.gmu.edu/samples/arabic122/,arabic122,male,122,relaxed_residence
26.0,12.0,https://accent.gmu.edu/audio/arabic123.mp3,"riyadh, saudi arabia",academic,usa,False,arabic,0.3,arabic,residence 0.3y,none,https://accent.gmu.edu/samples/arabic123/,arabic123,male,123,primary
42.0,17.0,https://accent.gmu.edu/audio/arabic124.mp3,"geulmim, morocco",academic,usa,False,arabic,18.0,arabic,residence 18y (over 5y threshold),french tachelhit,https://accent.gmu.edu/samples/arabic124/,arabic124,male,124,relaxed_residence
69.0,12.0,https://accent.gmu.edu/audio/arabic125.mp3,"beersheba, israel",academic,usa,False,arabic,12.0,arabic,residence 12y (over 5y threshold),hebrew italian,https://accent.gmu.edu/samples/arabic125/,arabic125,male,125,relaxed_residence
51.0,10.0,https://accent.gmu.edu/audio/arabic126.mp3,"beersheba, israel",academic,usa,False,arabic,24.0,arabic,residence 24y (over 5y threshold),hebrew,https://accent.gmu.edu/samples/arabic126/,arabic126,male,126,relaxed_residence
51.0,14.0,https://accent.gmu.edu/audio/arabic127.mp3,"tarshiha-maalot, israel",academic,usa,False,arabic,24.0,arabic,residence 24y (over 5y threshold),hebrew,https://accent.gmu.edu/samples/arabic127/,arabic127,female,127,relaxed_residence
40.0,13.0,https://accent.gmu.edu/audio/arabic128.mp3,"riyadh, saudi arabia",academic,usa,False,arabic,1.3,arabic,residence 1.3y,none,https://accent.gmu.edu/samples/arabic128/,arabic128,male,128,primary
48.0,11.0,https://accent.gmu.edu/audio/arabic129.mp3,"ramallah, palestine",academic,usa,False,arabic,20.0,arabic,residence 20y (over 5y threshold),none,https://accent.gmu.edu/samples/arabic129/,arabic129,male,129,relaxed_residence
31.0,12.0,https://accent.gmu.edu/audio/arabic130.mp3,"unizah, saudi arabia",academic,usa,False,arabic,4.5,arabic,residence 4.5y,spanish,https://accent.gmu.edu/samples/arabic130/,arabic130,male,130,primary
20.0,17.0,https://accent.gmu.edu/audio/arabic131.mp3,"riyadh, saudi arabia",academic,usa,False,arabic,4.0,arabic,residence 4y,none,https://accent.gmu.edu/samples/arabic131/,arabic131,male,131,primary
29.0,19.0,https://accent.gmu.edu/audio/arabic132.mp3,"cairo, egypt",naturalistic,usa,True,arabic,11.0,arabic,residence 11y (over 5y threshold),spanish,https://accent.gmu.edu/samples/arabic132/,arabic132,female,132,relaxed_residence
24.0,12.0,https://accent.gmu.edu/audio/arabic133.mp3,"abha, saudi arabia",academic,N/A,False,arabic,0.0,arabic,residence 0y,none,https://accent.gmu.edu/samples/arabic133/,arabic133,female,133,primary
29.0,13.0,https://accent.gmu.edu/audio/arabic134.mp3,"abha, saudi arabia",academic,usa,False,arabic,0.1,arabic,residence 0.1y,none,https://accent.gmu.edu/samples/arabic134/,arabic134,female,134,primary
34.0,12.0,https://accent.gmu.edu/audio/arabic135.mp3,"riyadh, saudi arabia",academic,usa,False,arabic,1.0,arabic,residence 1y,none,https://accent.gmu.edu/samples/arabic135/,arabic135,female,135,primary
19.0,14.0,https://accent.gmu.edu/audio/arabic136.mp3,"cardiff, wales, uk",naturalistic,usa,False,arabic,5.0,arabic,residence 5y (over 5y threshold),none,https://accent.gmu.edu/samples/arabic136/,arabic136,female,136,relaxed_residence
20.0,7.0,https://accent.gmu.edu/audio/arabic137.mp3,"al-ayn, united arab emirates",academic,usa,False,arabic,0.7,arabic,residence 0.7y,none,https://accent.gmu.edu/samples/arabic137/,arabic137,male,137,primary
25.0,12.0,https://accent.gmu.edu/audio/arabic138.mp3,"riyadh, saudi arabia",academic,usa,False,arabic,0.2,arabic,residence 0.2y,none,https://accent.gmu.edu/samples/arabic138/,arabic138,male,138,primary
28.0,5.0,https://accent.gmu.edu/audio/arabic139.mp3,"khartoum, sudan",academic,usa,False,arabic,23.0,arabic,residence 23y (over 5y threshold),none,https://accent.gmu.edu/samples/arabic139/,arabic139,male,139,relaxed_residence
26.0,6.0,https://accent.gmu.edu/audio/arabic140.mp3,"taif, saudi arabia",academic,usa,False,arabic,2.0,arabic,residence 2y,none,https://accent.gmu.edu/samples/arabic140/,arabic140,female,140,primary
35.0,12.0,https://accent.gmu.edu/audio/arabic141.mp3,"cairo, egypt",academic,australia,False,arabic,12.0,arabic,residence 12y (over 5y threshold),spanish,https://accent.gmu.edu/samples/arabic141/,arabic141,male,141,relaxed_residence
25.0,13.0,https://accent.gmu.edu/audio/arabic142.mp3,"almajmaah, saudi arabia",academic,"canada, uk, usa",False,arabic,0.5,arabic,residence 0.5y,none,https://accent.gmu.edu/samples/arabic142/,arabic142,male,142,primary
20.0,12.0,https://accent.gmu.edu/audio/arabic143.mp3,"medina, saudi arabia",academic,usa,False,arabic,1.0,arabic,residence 1y,none,https://accent.gmu.edu/samples/arabic143/,arabic143,female,143,primary
32.0,29.0,https://accent.gmu.edu/audio/arabic144.mp3,"laayoune, morocco",academic,usa,False,arabic,3.0,arabic,residence 3y,french,https://accent.gmu.edu/samples/arabic144/,arabic144,male,144,primary
22.0,9.0,https://accent.gmu.edu/audio/arabic145.mp3,"riyadh, saudi arabia",academic,usa,False,arabic,5.0,arabic,residence 5y (over 5y threshold),none,https://accent.gmu.edu/samples/arabic145/,arabic145,female,145,relaxed_residence
27.0,17.0,https://accent.gmu.edu/audio/arabic146.mp3,"amman, jordan",academic,usa,False,arabic,9.0,arabic,residence 9y (over 5y threshold),none,https://accent.gmu.edu/samples/arabic146/,arabic146,male,146,relaxed_residence
56.0,16.0,https://accent.gmu.edu/audio/arabic147.mp3,"baha, saudi arabia",academic,N/A,False,arabic,0.0,arabic,residence 0y,none,https://accent.gmu.edu/samples/arabic147/,arabic147,female,147,primary
18.0,12.0,https://accent.gmu.edu/audio/arabic148.mp3,"taif, saudi arabia",academic,N/A,False,arabic,0.0,arabic,residence 0y,none,https://accent.gmu.edu/samples/arabic148/,arabic148,female,148,primary
26.0,12.0,https://accent.gmu.edu/audio/arabic149.mp3,"riyadh, saudi arabia",academic,usa,False,arabic,0.5,arabic,residence 0.5y,none,https://accent.gmu.edu/samples/arabic149/,arabic149,female,149,primary
25.0,12.0,https://accent.gmu.edu/audio/arabic150.mp3,"riyadh, saudi arabia",academic,usa,False,arabic,2.0,arabic,residence 2y,none,https://accent.gmu.edu/samples/arabic150/,arabic150,female,150,primary
25.0,5.0,https://accent.gmu.edu/audio/arabic151.mp3,"riyadh, saudi arabia",academic,usa,False,arabic,3.0,arabic,residence 3y,french,https://accent.gmu.edu/samples/arabic151/,arabic151,female,151,primary
28.0,7.0,https://accent.gmu.edu/audio/arabic152.mp3,"riyadh, saudi arabia",naturalistic,usa,False,arabic,10.0,arabic,residence 10y (over 5y threshold),none,https://accent.gmu.edu/samples/arabic152/,arabic152,female,152,relaxed_residence
20.0,5.0,https://accent.gmu.edu/audio/arabic153.mp3,"kuwait city, kuwait",academic,"usa, uk",False,arabic,3.1,arabic,residence 3.1y,none,https://accent.gmu.edu/samples/arabic153/,arabic153,male,153,primary
64.0,12.0,https://accent.gmu.edu/audio/arabic154.mp3,"baha, saudi arabia",academic,usa,False,arabic,3.5,arabic,residence 3.5y,none,https://accent.gmu.edu/samples/arabic154/,arabic154,male,154,primary
28.0,15.0,https://accent.gmu.edu/audio/arabic155.mp3,"buraydah, saudi arabia",academic,"usa, canada",False,arabic,1.5,arabic,residence 1.5y,none,https://accent.gmu.edu/samples/arabic155/,arabic155,male,155,primary
18.0,6.0,https://accent.gmu.edu/audio/arabic156.mp3,"cairo, egypt",academic,usa,False,arabic,3.5,arabic,residence 3.5y,none,https://accent.gmu.edu/samples/arabic156/,arabic156,female,156,primary
38.0,6.0,https://accent.gmu.edu/audio/arabic157.mp3,"sanaa, yemen",academic,usa,False,arabic,2.0,arabic,residence 2y,none,https://accent.gmu.edu/samples/arabic157/,arabic157,female,157,primary
22.0,8.0,https://accent.gmu.edu/audio/arabic158.mp3,"jakarta, indonesia",academic,usa,False,arabic,5.0,arabic,residence 5y (over 5y threshold),indonesian,https://accent.gmu.edu/samples/arabic158/,arabic158,male,158,relaxed_residence
19.0,14.0,https://accent.gmu.edu/audio/arabic159.mp3,"medina, saudi arabia",naturalistic,usa,False,arabic,1.0,arabic,residence 1y,none,https://accent.gmu.edu/samples/arabic159/,arabic159,male,159,primary
26.0,3.0,https://accent.gmu.edu/audio/arabic160.mp3,"amman, jordan",academic,usa,False,arabic,5.0,arabic,residence 5y (over 5y threshold),french,https://accent.gmu.edu/samples/arabic160/,arabic160,female,160,relaxed_residence
38.0,12.0,https://accent.gmu.edu/audio/arabic161.mp3,"minya, egypt",academic,usa,False,arabic,10.0,arabic,residence 10y (over 5y threshold),german french,https://accent.gmu.edu/samples/arabic161/,arabic161,female,161,relaxed_residence
50.0,12.0,https://accent.gmu.edu/audio/arabic162.mp3,"buraydah, saudi arabia",academic,usa,False,arabic,8.0,arabic,residence 8y (over 5y threshold),none,https://accent.gmu.edu/samples/arabic162/,arabic162,male,162,relaxed_residence
27.0,14.0,https://accent.gmu.edu/audio/arabic163.mp3,"bouznika, morocco",academic,usa,False,arabic,3.0,arabic,residence 3y,french,https://accent.gmu.edu/samples/arabic163/,arabic163,female,163,primary
30.0,15.0,https://accent.gmu.edu/audio/arabic164.mp3,"sale, morocco",academic,usa,False,arabic,2.0,arabic,residence 2y,french,https://accent.gmu.edu/samples/arabic164/,arabic164,female,164,primary
62.0,12.0,https://accent.gmu.edu/audio/arabic165.mp3,"beirut, lebanon",academic,usa,False,arabic,20.0,arabic,residence 20y (over 5y threshold),french,https://accent.gmu.edu/samples/arabic165/,arabic165,female,165,relaxed_residence
18.0,17.0,https://accent.gmu.edu/audio/arabic166.mp3,"buraydah, saudi arabia",academic,usa,False,arabic,1.0,arabic,residence 1y,none,https://accent.gmu.edu/samples/arabic166/,arabic166,male,166,primary
24.0,19.0,https://accent.gmu.edu/audio/arabic167.mp3,"alkharj, saudi arabia",academic,usa,False,arabic,0.5,arabic,residence 0.5y,none,https://accent.gmu.edu/samples/arabic167/,arabic167,male,167,primary
42.0,21.0,https://accent.gmu.edu/audio/arabic168.mp3,"jiddah, saudi arabia",academic,usa,False,arabic,11.0,arabic,residence 11y (over 5y threshold),none,https://accent.gmu.edu/samples/arabic168/,arabic168,female,168,relaxed_residence
21.0,11.0,https://accent.gmu.edu/audio/arabic169.mp3,"tripoli, libya",naturalistic,usa,False,arabic,2.0,arabic,residence 2y,french swedish,https://accent.gmu.edu/samples/arabic169/,arabic169,female,169,primary
19.0,6.0,https://accent.gmu.edu/audio/arabic170.mp3,"vienna, virginia, usa",naturalistic,usa,False,arabic,9.0,arabic,residence 9y (over 5y threshold),none,https://accent.gmu.edu/samples/arabic170/,arabic170,female,170,relaxed_residence
22.0,18.0,https://accent.gmu.edu/audio/arabic171.mp3,"medina, saudi arabia",academic,usa,False,arabic,5.0,arabic,residence 5y (over 5y threshold),none,https://accent.gmu.edu/samples/arabic171/,arabic171,male,171,relaxed_residence
39.0,13.0,https://accent.gmu.edu/audio/arabic172.mp3,"montgomery, alabama, usa",academic,usa,False,arabic,6.0,arabic,residence 6y (over 5y threshold),none,https://accent.gmu.edu/samples/arabic172/,arabic172,male,172,relaxed_residence
43.0,19.0,https://accent.gmu.edu/audio/arabic173.mp3,"tyre, lebanon",naturalistic,usa,False,arabic,23.0,arabic,residence 23y (over 5y threshold),none,https://accent.gmu.edu/samples/arabic173/,arabic173,female,173,relaxed_residence
23.0,8.0,https://accent.gmu.edu/audio/arabic174.mp3,"riyadh, saudi arabia",academic,usa,False,arabic,0.9,arabic,residence 0.9y,none,https://accent.gmu.edu/samples/arabic174/,arabic174,female,174,primary
30.0,20.0,https://accent.gmu.edu/audio/arabic175.mp3,"jiddah, saudi arabia",academic,usa,False,arabic,8.0,arabic,residence 8y (over 5y threshold),none,https://accent.gmu.edu/samples/arabic175/,arabic175,male,175,relaxed_residence
19.0,6.0,https://accent.gmu.edu/audio/arabic176.mp3,"jiddah, saudi arabia",naturalistic,usa,False,arabic,0.1,arabic,residence 0.1y,none,https://accent.gmu.edu/samples/arabic176/,arabic176,male,176,primary
26.0,12.0,https://accent.gmu.edu/audio/arabic177.mp3,"riyadh, saudi arabia",academic,usa,False,arabic,0.5,arabic,residence 0.5y,none,https://accent.gmu.edu/samples/arabic177/,arabic177,male,177,primary
57.0,18.0,https://accent.gmu.edu/audio/arabic178.mp3,"jiddah, saudi arabia",academic,usa,False,arabic,1.0,arabic,residence 1y,none,https://accent.gmu.edu/samples/arabic178/,arabic178,male,178,primary
26.0,13.0,https://accent.gmu.edu/audio/arabic179.mp3,"riyadh, saudi arabia",academic,usa,False,arabic,8.0,arabic,residence 8y (over 5y threshold),none,https://accent.gmu.edu/samples/arabic179/,arabic179,male,179,relaxed_residence
18.0,12.0,https://accent.gmu.edu/audio/arabic180.mp3,"riyadh, saudi arabia",academic,usa,False,arabic,1.0,arabic,residence 1y,none,https://accent.gmu.edu/samples/arabic180/,arabic180,male,180,primary
19.0,12.0,https://accent.gmu.edu/audio/arabic181.mp3,"riyadh, saudi arabia",academic,usa,False,arabic,0.2,arabic,residence 0.2y,none,https://accent.gmu.edu/samples/arabic181/,arabic181,male,181,primary
32.0,12.0,https://accent.gmu.edu/audio/arabic182.mp3,"riyadh, saudi arabia",academic,usa,False,arabic,0.6,arabic,residence 0.6y,none,https://accent.gmu.edu/samples/arabic182/,arabic182,female,182,primary
27.0,17.0,https://accent.gmu.edu/audio/arabic183.mp3,"riyadh, saudi arabia",academic,usa,False,arabic,6.0,arabic,residence 6y (over 5y threshold),none,https://accent.gmu.edu/samples/arabic183/,arabic183,female,183,relaxed_residence
21.0,12.0,https://accent.gmu.edu/audio/arabic184.mp3,"riyadh, saudi arabia",academic,usa,False,arabic,7.0,arabic,residence 7y (over 5y threshold),none,https://accent.gmu.edu/samples/arabic184/,arabic184,male,184,relaxed_residence
35.0,12.0,https://accent.gmu.edu/audio/arabic185.mp3,"riyadh, saudi arabia",academic,usa,False,arabic,0.5,arabic,residence 0.5y,none,https://accent.gmu.edu/samples/arabic185/,arabic185,male,185,primary
24.0,19.0,https://accent.gmu.edu/audio/arabic186.mp3,"riyadh, saudi arabia",academic,usa,False,arabic,6.0,arabic,residence 6y (over 5y threshold),none,https://accent.gmu.edu/samples/arabic186/,arabic186,female,186,relaxed_residence
20.0,15.0,https://accent.gmu.edu/audio/arabic187.mp3,"riyadh, saudi arabia",academic,usa,False,arabic,6.0,arabic,residence 6y (over 5y threshold),none,https://accent.gmu.edu/samples/arabic187/,arabic187,female,187,relaxed_residence
20.0,6.0,https://accent.gmu.edu/audio/arabic188.mp3,"riyadh, saudi arabia",academic,usa,False,arabic,5.0,arabic,residence 5y (over 5y threshold),none,https://accent.gmu.edu/samples/arabic188/,arabic188,male,188,relaxed_residence
18.0,12.0,https://accent.gmu.edu/audio/arabic189.mp3,"riyadh, saudi arabia",academic,usa,False,arabic,2.0,arabic,residence 2y,none,https://accent.gmu.edu/samples/arabic189/,arabic189,female,189,primary
25.0,15.0,https://accent.gmu.edu/audio/arabic190.mp3,"riyadh, saudi arabia",academic,usa,False,arabic,0.2,arabic,residence 0.2y,none,https://accent.gmu.edu/samples/arabic190/,arabic190,female,190,primary
21.0,7.0,https://accent.gmu.edu/audio/arabic191.mp3,"riyadh, saudi arabia",academic,usa,False,arabic,5.0,arabic,residence 5y (over 5y threshold),none,https://accent.gmu.edu/samples/arabic191/,arabic191,female,191,relaxed_residence
19.0,7.0,https://accent.gmu.edu/audio/arabic192.mp3,"riyadh, saudi arabia",academic,usa,False,arabic,4.0,arabic,residence 4y,none,https://accent.gmu.edu/samples/arabic192/,arabic192,female,192,primary
29.0,18.0,https://accent.gmu.edu/audio/arabic193.mp3,"riyadh, saudi arabia",academic,usa,False,arabic,7.0,arabic,residence 7y (over 5y threshold),none,https://accent.gmu.edu/samples/arabic193/,arabic193,male,193,relaxed_residence
20.0,12.0,https://accent.gmu.edu/audio/arabic194.mp3,"riyadh, saudi arabia",academic,usa,False,arabic,0.1,arabic,residence 0.1y,none,https://accent.gmu.edu/samples/arabic194/,arabic194,male,194,primary
53.0,13.0,https://accent.gmu.edu/audio/arabic195.mp3,"tunis, tunisia",academic,usa,True,arabic,13.0,arabic,residence 13y (over 5y threshold),french,https://accent.gmu.edu/samples/arabic195/,arabic195,female,195,relaxed_residence
39.0,7.0,https://accent.gmu.edu/audio/arabic196.mp3,"cairo, egypt",academic,usa,False,arabic,11.0,arabic,residence 11y (over 5y threshold),french,https://accent.gmu.edu/samples/arabic196/,arabic196,male,196,relaxed_residence
66.0,14.0,https://accent.gmu.edu/audio/arabic197.mp3,"khartoum, sudan",academic,usa,False,arabic,36.0,arabic,residence 36y (over 5y threshold),none,https://accent.gmu.edu/samples/arabic197/,arabic197,male,197,relaxed_residence
56.0,15.0,https://accent.gmu.edu/audio/arabic198.mp3,"damascus, syria",academic,usa,False,arabic,30.0,arabic,residence 30y (over 5y threshold),french,https://accent.gmu.edu/samples/arabic198/,arabic198,male,198,relaxed_residence
26.0,14.0,https://accent.gmu.edu/audio/arabic199.mp3,"kenitra, morocco",academic,usa,False,arabic,0.3,arabic,residence 0.3y,french,https://accent.gmu.edu/samples/arabic199/,arabic199,female,199,primary
48.0,12.0,https://accent.gmu.edu/audio/arabic200.mp3,"jerusalem, israel",academic,usa,False,arabic,24.0,arabic,residence 24y (over 5y threshold),spanish,https://accent.gmu.edu/samples/arabic200/,arabic200,female,200,relaxed_residence
53.0,29.0,https://accent.gmu.edu/audio/arabic201.mp3,"cairo, egypt",academic,usa,False,arabic,29.0,arabic,residence 29y (over 5y threshold),none,https://accent.gmu.edu/samples/arabic201/,arabic201,female,201,relaxed_residence
23.0,16.0,https://accent.gmu.edu/audio/bengali1.mp3,"dhaka, bangladesh",academic,usa,True,bengali,1.0,bengali,residence 1y,hindi-urdu,https://accent.gmu.edu/samples/bengali1/,bengali1,male,1,primary
25.0,2.0,https://accent.gmu.edu/audio/bengali2.mp3,"lusaka, zambia",naturalistic,usa,True,bengali,21.0,bengali,residence 21y (over 5y threshold),french,https://accent.gmu.edu/samples/bengali2/,bengali2,female,2,relaxed_residence
19.0,5.0,https://accent.gmu.edu/audio/bengali3.mp3,"dhaka, bangladesh",academic,usa,True,bengali,6.0,bengali,residence 6y (over 5y threshold),urdu hindi-urdu spanish,https://accent.gmu.edu/samples/bengali3/,bengali3,female,3,relaxed_residence
24.0,6.0,https://accent.gmu.edu/audio/bengali4.mp3,"chittagong, bangladesh",academic,usa,True,bengali,5.0,bengali,residence 5y (over 5y threshold),hindi-urdu spanish,https://accent.gmu.edu/samples/bengali4/,bengali4,male,4,relaxed_residence
40.0,5.0,https://accent.gmu.edu/audio/bengali5.mp3,"dhaka, bangladesh",academic,usa,True,bengali,15.0,bengali,residence 15y (over 5y threshold),urdu hindi,https://accent.gmu.edu/samples/bengali5/,bengali5,female,5,relaxed_residence
29.0,4.0,https://accent.gmu.edu/audio/bengali6.mp3,"jamshedpur, jharkhand, india",naturalistic,uk,True,bengali,2.0,bengali,residence 2y,hindi,https://accent.gmu.edu/samples/bengali6/,bengali6,male,6,primary
49.0,6.0,https://accent.gmu.edu/audio/bengali7.mp3,"mymensingh, bangladesh",academic,usa,True,bengali,5.5,bengali,residence 5.5y (over 5y threshold),hindi urdu,https://accent.gmu.edu/samples/bengali7/,bengali7,male,7,relaxed_residence
54.0,5.0,https://accent.gmu.edu/audio/bengali8.mp3,"noakhali, bangladesh",academic,usa,True,bengali,9.0,bengali,residence 9y (over 5y threshold),urdu hindi,https://accent.gmu.edu/samples/bengali8/,bengali8,male,8,relaxed_residence
61.0,12.0,https://accent.gmu.edu/audio/bengali9.mp3,"kolkata, india",academic,usa,True,bengali,0.5,bengali,residence 0.5y,hindi,https://accent.gmu.edu/samples/bengali9/,bengali9,female,9,primary
18.0,3.0,https://accent.gmu.edu/audio/bengali10.mp3,"dhaka, bangladesh",academic,usa,True,bengali,6.0,bengali,residence 6y (over 5y threshold),none,https://accent.gmu.edu/samples/bengali10/,bengali10,female,10,relaxed_residence
34.0,3.5,https://accent.gmu.edu/audio/bengali11.mp3,"durgapur, west bengal, india",academic,usa,True,bengali,8.0,bengali,residence 8y (over 5y threshold),hindi,https://accent.gmu.edu/samples/bengali11/,bengali11,male,11,relaxed_residence
25.0,4.0,https://accent.gmu.edu/audio/bengali12.mp3,"sylhet, bangladesh",academic,usa,False,bengali,3.0,bengali,residence 3y,urdu hindi,https://accent.gmu.edu/samples/bengali12/,bengali12,female,12,primary
33.0,10.0,https://accent.gmu.edu/audio/bengali13.mp3,"dhaka, bangladesh",academic,usa,False,bengali,7.0,bengali,residence 7y (over 5y threshold),hindi urdu arabic,https://accent.gmu.edu/samples/bengali13/,bengali13,female,13,relaxed_residence
26.0,4.0,https://accent.gmu.edu/audio/bengali14.mp3,"kolkata, india",N/A,N/A,False,bengali,0.0,bengali,residence 0y,none,https://accent.gmu.edu/samples/bengali14/,bengali14,male,14,primary
46.0,8.0,https://accent.gmu.edu/audio/bengali15.mp3,"dhaka, bangladesh",academic,usa,False,bengali,14.0,bengali,residence 14y (over 5y threshold),hindi urdu,https://accent.gmu.edu/samples/bengali15/,bengali15,female,15,relaxed_residence
24.0,6.0,https://accent.gmu.edu/audio/bengali16.mp3,"dhaka, bangladesh",academic,usa,False,bengali,1.0,bengali,residence 1y,none,https://accent.gmu.edu/samples/bengali16/,bengali16,female,16,primary
19.0,6.0,https://accent.gmu.edu/audio/bengali17.mp3,"sylhet, bangladesh",academic,usa,False,bengali,13.0,bengali,residence 13y (over 5y threshold),hindi urdu,https://accent.gmu.edu/samples/bengali17/,bengali17,female,17,relaxed_residence
20.0,17.0,https://accent.gmu.edu/audio/bengali18.mp3,"dhaka, bangladesh",academic,usa,False,bengali,5.0,bengali,residence 5y (over 5y threshold),urdu,https://accent.gmu.edu/samples/bengali18/,bengali18,female,18,relaxed_residence
25.0,3.0,https://accent.gmu.edu/audio/bengali19.mp3,"hyderabad, telangana, india",academic,usa,False,bengali,0.5,bengali,residence 0.5y,hindi telugu,https://accent.gmu.edu/samples/bengali19/,bengali19,female,19,primary
23.0,5.0,https://accent.gmu.edu/audio/bengali20.mp3,"chittagong, bangladesh",academic,usa,False,bengali,3.5,bengali,residence 3.5y,hindi,https://accent.gmu.edu/samples/bengali20/,bengali20,male,20,primary
53.0,8.0,https://accent.gmu.edu/audio/bengali21.mp3,"sreepur, bangladesh",academic,usa,False,bengali,1.5,bengali,residence 1.5y,hindi,https://accent.gmu.edu/samples/bengali21/,bengali21,male,21,primary
49.0,7.0,https://accent.gmu.edu/audio/bengali22.mp3,"satkhira, bangladesh",academic,usa,False,bengali,14.0,bengali,residence 14y (over 5y threshold),hindi urdu,https://accent.gmu.edu/samples/bengali22/,bengali22,male,22,relaxed_residence
22.0,5.0,https://accent.gmu.edu/audio/bengali23.mp3,"warrenton, virginia, usa",naturalistic,usa,False,bengali,22.0,bengali,residence 22y (over 5y threshold),none,https://accent.gmu.edu/samples/bengali23/,bengali23,female,23,relaxed_residence
59.0,7.0,https://accent.gmu.edu/audio/bengali24.mp3,"noakhali, bangladesh",academic,usa,False,bengali,37.0,bengali,residence 37y (over 5y threshold),urdu hindi,https://accent.gmu.edu/samples/bengali24/,bengali24,male,24,relaxed_residence
